listing_id,review_scores_rating,review_scores_accuracy,review_scores_cleanliness,review_scores_checkin,review_scores_communication,review_scores_location,review_scores_value
958,97.0,10.0,10.0,10.0,10.0,10.0,10.0
8142,93.0,9.0,9.0,10.0,10.0,9.0,9.0
8739,98.0,10.0,10.0,10.0,10.0,10.0,9.0
12522,98.0,10.0,10.0,10.0,10.0,10.0,10.0
12584,95.0,9.0,10.0,9.0,9.0,9.0,9.0
23630,98.0,10.0,10.0,10.0,10.0,10.0,10.0
25094,100.0,10.0,10.0,10.0,10.0,10.0,10.0
25463,98.0,10.0,10.0,10.0,10.0,10.0,10.0
25662,95.0,10.0,9.0,10.0,10.0,10.0,9.0
26408,91.0,9.0,8.0,9.0,9.0,9.0,9.0
27028,96.0,10.0,10.0,10.0,10.0,10.0,9.0
29373,98.0,10.0,10.0,10.0,10.0,9.0,10.0
33578,99.0,10.0,10.0,10.0,10.0,10.0,10.0
39174,95.0,9.0,10.0,10.0,10.0,10.0,9.0
40138,96.0,10.0,9.0,10.0,10.0,10.0,9.0
42408,87.0,9.0,8.0,10.0,10.0,8.0,7.0
42577,80.0,5.0,8.0,10.0,8.0,7.0,8.0
44032,97.0,10.0,10.0,10.0,10.0,10.0,10.0
45299,94.0,10.0,9.0,10.0,10.0,10.0,9.0
45956,96.0,10.0,10.0,10.0,9.0,10.0,9.0
51773,92.0,10.0,9.0,10.0,10.0,10.0,9.0
53280,98.0,10.0,10.0,10.0,10.0,10.0,10.0
54518,88.0,10.0,9.0,10.0,9.0,10.0,10.0
55632,94.0,10.0,10.0,10.0,10.0,9.0,10.0
56621,93.0,10.0,9.0,10.0,10.0,10.0,9.0
57479,99.0,10.0,10.0,10.0,10.0,10.0,10.0
57676,94.0,9.0,9.0,9.0,9.0,10.0,9.0
59314,97.0,10.0,10.0,10.0,10.0,9.0,9.0
59702,98.0,10.0,10.0,10.0,10.0,10.0,10.0
62519,97.0,10.0,10.0,10.0,10.0,10.0,10.0
62651,96.0,10.0,10.0,10.0,10.0,10.0,9.0
66119,84.0,9.0,9.0,10.0,10.0,9.0,8.0
66664,79.0,8.0,8.0,9.0,10.0,9.0,8.0
69410,98.0,10.0,10.0,10.0,10.0,10.0,10.0
69549,89.0,9.0,9.0,10.0,9.0,9.0,9.0
70753,92.0,10.0,9.0,10.0,10.0,10.0,9.0
74451,96.0,9.0,9.0,10.0,10.0,10.0,9.0
74758,84.0,9.0,8.0,9.0,9.0,8.0,8.0
77175,98.0,10.0,10.0,10.0,10.0,10.0,10.0
77932,83.0,8.0,8.0,9.0,9.0,8.0,8.0
80394,98.0,10.0,10.0,10.0,10.0,9.0,10.0
81158,94.0,10.0,9.0,10.0,10.0,10.0,9.0
81256,78.0,8.0,7.0,8.0,9.0,7.0,8.0
81535,97.0,10.0,10.0,10.0,10.0,8.0,9.0
83257,97.0,10.0,10.0,10.0,10.0,10.0,10.0
84777,95.0,10.0,10.0,10.0,10.0,10.0,10.0
87640,99.0,10.0,10.0,10.0,10.0,10.0,10.0
99094,96.0,10.0,10.0,10.0,10.0,10.0,10.0
115242,98.0,10.0,10.0,10.0,10.0,10.0,9.0
121065,99.0,10.0,10.0,10.0,10.0,10.0,9.0
128230,99.0,10.0,10.0,10.0,10.0,10.0,10.0
132441,96.0,10.0,10.0,10.0,10.0,10.0,10.0
134015,97.0,9.0,9.0,10.0,10.0,10.0,9.0
134193,94.0,10.0,9.0,9.0,10.0,9.0,9.0
137129,100.0,8.0,8.0,8.0,8.0,10.0,8.0
150347,94.0,9.0,9.0,10.0,9.0,9.0,9.0
166199,96.0,10.0,10.0,10.0,9.0,10.0,9.0
175090,87.0,9.0,9.0,9.0,10.0,10.0,9.0
176274,83.0,9.0,7.0,9.0,10.0,9.0,7.0
177137,97.0,10.0,10.0,10.0,10.0,9.0,10.0
191632,97.0,10.0,10.0,10.0,10.0,10.0,10.0
201313,100.0,10.0,10.0,10.0,10.0,10.0,10.0
201579,97.0,10.0,10.0,10.0,10.0,10.0,10.0
207980,96.0,10.0,9.0,10.0,10.0,10.0,10.0
209514,94.0,10.0,10.0,10.0,10.0,10.0,10.0
212265,100.0,10.0,10.0,10.0,10.0,10.0,10.0
216042,99.0,10.0,10.0,10.0,10.0,10.0,10.0
224579,98.0,10.0,10.0,10.0,10.0,10.0,10.0
229240,93.0,10.0,9.0,10.0,10.0,10.0,9.0
231129,88.0,9.0,9.0,9.0,9.0,10.0,9.0
231752,99.0,10.0,10.0,10.0,10.0,10.0,10.0
232060,98.0,10.0,10.0,10.0,10.0,10.0,9.0
238190,97.0,10.0,10.0,10.0,10.0,10.0,9.0
241235,93.0,9.0,9.0,10.0,10.0,10.0,9.0
244361,97.0,10.0,10.0,10.0,10.0,9.0,9.0
259622,94.0,10.0,9.0,10.0,10.0,10.0,9.0
271602,98.0,10.0,10.0,10.0,10.0,9.0,9.0
273530,98.0,10.0,10.0,10.0,10.0,10.0,10.0
277339,97.0,10.0,10.0,10.0,10.0,10.0,10.0
286311,96.0,10.0,10.0,10.0,10.0,10.0,9.0
292723,82.0,8.0,8.0,9.0,9.0,8.0,8.0
307837,97.0,10.0,10.0,10.0,10.0,10.0,9.0
326650,94.0,9.0,9.0,10.0,10.0,10.0,9.0
334886,98.0,10.0,10.0,10.0,10.0,10.0,10.0
338849,100.0,10.0,10.0,10.0,10.0,10.0,10.0
344621,97.0,10.0,10.0,10.0,10.0,9.0,9.0
345760,94.0,9.0,9.0,10.0,10.0,10.0,9.0
350479,96.0,10.0,9.0,10.0,10.0,10.0,9.0
351881,97.0,10.0,9.0,10.0,10.0,10.0,10.0
353292,100.0,10.0,9.0,10.0,10.0,10.0,10.0
379255,99.0,10.0,10.0,10.0,10.0,10.0,9.0
379349,93.0,10.0,9.0,10.0,10.0,10.0,9.0
392543,97.0,10.0,10.0,10.0,10.0,10.0,10.0
408471,96.0,9.0,9.0,10.0,10.0,10.0,9.0
423300,95.0,10.0,10.0,10.0,10.0,10.0,10.0
430692,98.0,10.0,9.0,10.0,10.0,10.0,10.0
431632,89.0,10.0,9.0,10.0,10.0,10.0,9.0
438967,97.0,10.0,9.0,10.0,10.0,10.0,9.0
450992,86.0,9.0,7.0,9.0,10.0,10.0,8.0
456568,96.0,10.0,9.0,10.0,9.0,10.0,10.0
479415,95.0,10.0,9.0,10.0,10.0,10.0,9.0
487499,96.0,10.0,9.0,10.0,10.0,10.0,9.0
491867,96.0,10.0,10.0,10.0,10.0,10.0,9.0
503362,99.0,10.0,10.0,10.0,10.0,9.0,9.0
505530,87.0,10.0,8.0,10.0,10.0,8.0,9.0
517803,100.0,9.0,10.0,10.0,10.0,9.0,9.0
522273,96.0,10.0,10.0,10.0,10.0,9.0,10.0
527226,97.0,10.0,10.0,10.0,10.0,9.0,10.0
589676,97.0,10.0,10.0,10.0,10.0,10.0,9.0
591524,99.0,10.0,10.0,10.0,10.0,10.0,9.0
592883,92.0,10.0,9.0,10.0,10.0,9.0,9.0
607500,97.0,10.0,10.0,10.0,10.0,10.0,9.0
616517,96.0,10.0,9.0,10.0,10.0,9.0,9.0
632303,100.0,10.0,10.0,10.0,10.0,9.0,10.0
640605,97.0,9.0,10.0,10.0,10.0,10.0,9.0
643918,95.0,10.0,10.0,10.0,10.0,10.0,9.0
644091,99.0,10.0,10.0,10.0,10.0,10.0,10.0
646275,96.0,10.0,10.0,9.0,10.0,10.0,10.0
647360,99.0,10.0,10.0,10.0,10.0,10.0,10.0
654279,99.0,10.0,10.0,10.0,10.0,10.0,10.0
699723,97.0,10.0,10.0,10.0,10.0,10.0,10.0
713877,96.0,10.0,10.0,10.0,10.0,10.0,10.0
726657,96.0,10.0,10.0,10.0,9.0,10.0,10.0
727866,98.0,10.0,10.0,10.0,10.0,10.0,10.0
728585,98.0,10.0,10.0,10.0,10.0,10.0,10.0
734839,99.0,10.0,10.0,10.0,10.0,10.0,10.0
741327,72.0,8.0,8.0,7.0,7.0,8.0,7.0
746079,97.0,10.0,10.0,10.0,10.0,10.0,10.0
752607,95.0,10.0,10.0,10.0,10.0,10.0,9.0
754117,99.0,10.0,10.0,10.0,10.0,10.0,9.0
758815,96.0,10.0,10.0,10.0,10.0,10.0,9.0
767506,96.0,10.0,9.0,10.0,10.0,10.0,9.0
769734,96.0,10.0,10.0,10.0,10.0,10.0,10.0
774323,97.0,10.0,10.0,10.0,10.0,10.0,10.0
781945,74.0,6.0,6.0,4.0,10.0,10.0,8.0
785901,93.0,10.0,9.0,10.0,10.0,10.0,10.0
797887,95.0,10.0,9.0,10.0,10.0,9.0,9.0
806199,99.0,10.0,10.0,10.0,10.0,10.0,9.0
829185,100.0,10.0,10.0,10.0,10.0,10.0,10.0
833149,88.0,9.0,8.0,10.0,9.0,10.0,8.0
859310,97.0,10.0,10.0,10.0,10.0,10.0,10.0
859336,97.0,10.0,10.0,10.0,10.0,10.0,9.0
863987,100.0,10.0,10.0,10.0,10.0,10.0,10.0
867499,100.0,10.0,10.0,10.0,10.0,10.0,10.0
878935,97.0,10.0,10.0,10.0,10.0,10.0,10.0
881105,93.0,10.0,10.0,10.0,9.0,10.0,9.0
890875,91.0,9.0,9.0,10.0,10.0,10.0,9.0
900941,98.0,10.0,10.0,10.0,10.0,10.0,9.0
902435,100.0,10.0,10.0,10.0,10.0,10.0,10.0
909063,100.0,10.0,10.0,10.0,10.0,10.0,10.0
923807,89.0,9.0,7.0,10.0,10.0,10.0,8.0
929468,95.0,10.0,10.0,10.0,10.0,10.0,9.0
931313,85.0,9.0,9.0,9.0,9.0,9.0,8.0
932481,100.0,10.0,10.0,10.0,10.0,10.0,10.0
934012,95.0,10.0,9.0,10.0,10.0,10.0,10.0
936209,97.0,10.0,10.0,10.0,10.0,10.0,9.0
938330,94.0,10.0,10.0,10.0,10.0,10.0,9.0
943851,100.0,10.0,10.0,10.0,9.0,9.0,9.0
968046,95.0,9.0,10.0,10.0,10.0,9.0,9.0
982298,93.0,9.0,9.0,9.0,9.0,9.0,9.0
992676,97.0,10.0,10.0,10.0,10.0,10.0,9.0
997382,90.0,10.0,10.0,10.0,10.0,10.0,9.0
1007157,92.0,10.0,9.0,10.0,9.0,10.0,9.0
1011751,92.0,10.0,10.0,9.0,10.0,10.0,9.0
1016604,94.0,10.0,9.0,10.0,10.0,10.0,10.0
1017799,92.0,9.0,9.0,10.0,9.0,10.0,9.0
1030352,95.0,10.0,10.0,10.0,10.0,9.0,9.0
1033754,98.0,10.0,10.0,10.0,10.0,10.0,10.0
1038324,91.0,9.0,9.0,10.0,10.0,9.0,9.0
1080408,99.0,10.0,10.0,10.0,10.0,10.0,10.0
1110787,95.0,10.0,10.0,10.0,10.0,10.0,9.0
1130628,78.0,7.0,8.0,9.0,9.0,9.0,8.0
1177310,99.0,10.0,10.0,10.0,10.0,10.0,10.0
1178281,98.0,10.0,10.0,10.0,10.0,10.0,9.0
1200068,98.0,10.0,10.0,10.0,10.0,9.0,10.0
1201159,99.0,10.0,10.0,10.0,10.0,10.0,10.0
1206184,86.0,9.0,8.0,10.0,10.0,10.0,9.0
1223704,96.0,10.0,9.0,10.0,10.0,9.0,9.0
1229606,93.0,9.0,10.0,10.0,10.0,8.0,9.0
1247160,75.0,7.0,7.0,9.0,9.0,9.0,7.0
1249046,92.0,10.0,10.0,10.0,9.0,8.0,9.0
1251570,97.0,10.0,10.0,10.0,10.0,10.0,9.0
1261122,96.0,10.0,10.0,10.0,10.0,10.0,9.0
1292217,97.0,7.0,9.0,10.0,10.0,10.0,9.0
1299242,95.0,10.0,10.0,9.0,10.0,10.0,9.0
1317908,98.0,10.0,10.0,10.0,10.0,10.0,10.0
1329465,98.0,10.0,10.0,9.0,10.0,10.0,10.0
1332343,99.0,10.0,10.0,10.0,10.0,10.0,10.0
1333047,98.0,10.0,10.0,10.0,10.0,10.0,10.0
1351626,93.0,10.0,10.0,10.0,9.0,9.0,9.0
1388523,94.0,10.0,9.0,10.0,10.0,10.0,9.0
1392204,97.0,10.0,10.0,10.0,10.0,9.0,10.0
1405046,100.0,10.0,10.0,10.0,10.0,9.0,9.0
1433011,97.0,10.0,9.0,10.0,10.0,10.0,10.0
1433917,98.0,10.0,10.0,10.0,10.0,10.0,10.0
1434314,100.0,10.0,10.0,10.0,10.0,10.0,10.0
1442027,100.0,10.0,10.0,10.0,10.0,10.0,9.0
1460174,99.0,10.0,10.0,10.0,10.0,10.0,10.0
1478708,98.0,10.0,9.0,10.0,10.0,10.0,10.0
1480015,99.0,10.0,10.0,10.0,10.0,10.0,10.0
1482273,98.0,10.0,10.0,10.0,10.0,10.0,9.0
1498953,97.0,10.0,10.0,10.0,10.0,10.0,10.0
1499630,98.0,10.0,9.0,10.0,10.0,9.0,9.0
1524346,99.0,10.0,10.0,10.0,10.0,10.0,10.0
1530745,98.0,10.0,10.0,10.0,10.0,10.0,10.0
1569288,93.0,10.0,10.0,10.0,10.0,9.0,9.0
1598872,99.0,10.0,10.0,10.0,10.0,10.0,10.0
1615158,95.0,10.0,10.0,10.0,10.0,10.0,10.0
1627259,95.0,10.0,9.0,10.0,10.0,10.0,9.0
1633933,99.0,10.0,10.0,10.0,10.0,10.0,10.0
1636810,96.0,10.0,10.0,10.0,10.0,9.0,9.0
1651228,100.0,10.0,10.0,10.0,10.0,10.0,10.0
1655446,94.0,10.0,10.0,10.0,10.0,10.0,9.0
1667732,99.0,10.0,10.0,10.0,10.0,10.0,10.0
1683892,97.0,10.0,9.0,10.0,10.0,10.0,9.0
1699390,96.0,10.0,10.0,10.0,10.0,10.0,10.0
1721354,100.0,10.0,10.0,10.0,10.0,10.0,9.0
1724819,98.0,10.0,10.0,10.0,10.0,10.0,10.0
1752371,98.0,10.0,10.0,10.0,10.0,10.0,10.0
1759087,96.0,10.0,10.0,10.0,10.0,10.0,9.0
1769688,99.0,10.0,10.0,10.0,10.0,10.0,10.0
1815551,98.0,10.0,10.0,10.0,10.0,10.0,9.0
1827653,99.0,10.0,10.0,10.0,10.0,10.0,10.0
1828443,98.0,9.0,10.0,10.0,10.0,10.0,10.0
1830541,98.0,10.0,10.0,10.0,10.0,10.0,10.0
1861344,100.0,10.0,10.0,10.0,10.0,10.0,9.0
1864390,96.0,10.0,9.0,10.0,10.0,10.0,9.0
1869845,100.0,10.0,10.0,10.0,10.0,10.0,10.0
1898486,99.0,10.0,10.0,10.0,10.0,10.0,10.0
1907229,95.0,10.0,10.0,10.0,10.0,10.0,9.0
1914841,94.0,9.0,9.0,10.0,10.0,9.0,9.0
1931763,93.0,10.0,10.0,10.0,10.0,10.0,10.0
1932019,99.0,10.0,10.0,10.0,10.0,10.0,10.0
1954514,95.0,10.0,10.0,10.0,10.0,10.0,10.0
1970756,88.0,9.0,9.0,10.0,10.0,9.0,9.0
1975404,98.0,10.0,9.0,10.0,10.0,10.0,10.0
1978669,98.0,10.0,10.0,10.0,10.0,10.0,9.0
2047469,95.0,10.0,10.0,10.0,10.0,9.0,10.0
2049672,96.0,10.0,10.0,9.0,9.0,10.0,9.0
2049955,98.0,10.0,10.0,10.0,10.0,10.0,10.0
2062696,98.0,10.0,10.0,10.0,10.0,10.0,10.0
2072098,96.0,10.0,9.0,10.0,10.0,10.0,10.0
2074270,90.0,9.0,10.0,10.0,10.0,10.0,8.0
2088622,95.0,10.0,10.0,10.0,10.0,9.0,9.0
2093695,94.0,10.0,10.0,10.0,10.0,9.0,9.0
2124182,97.0,10.0,10.0,10.0,10.0,10.0,9.0
2130640,98.0,10.0,10.0,10.0,10.0,10.0,10.0
2154122,99.0,10.0,10.0,10.0,10.0,10.0,10.0
2160504,97.0,10.0,10.0,10.0,10.0,10.0,10.0
2175930,98.0,10.0,10.0,10.0,10.0,10.0,10.0
2177440,99.0,10.0,10.0,10.0,10.0,10.0,10.0
2188308,100.0,10.0,10.0,9.0,9.0,10.0,9.0
2203283,96.0,10.0,9.0,10.0,10.0,10.0,9.0
2221057,98.0,10.0,10.0,10.0,10.0,10.0,10.0
2234256,88.0,10.0,9.0,8.0,9.0,10.0,10.0
2238488,99.0,10.0,10.0,10.0,10.0,10.0,10.0
2263794,99.0,10.0,10.0,10.0,10.0,9.0,10.0
2302408,97.0,10.0,10.0,10.0,10.0,10.0,10.0
2337552,100.0,9.0,10.0,10.0,10.0,10.0,9.0
2355859,98.0,10.0,10.0,10.0,10.0,10.0,10.0
2362619,97.0,10.0,10.0,10.0,10.0,10.0,10.0
2374267,100.0,10.0,10.0,10.0,10.0,10.0,10.0
2374361,98.0,10.0,10.0,10.0,10.0,10.0,10.0
2404647,90.0,9.0,8.0,9.0,9.0,9.0,8.0
2420887,100.0,10.0,10.0,10.0,10.0,10.0,10.0
2432104,94.0,10.0,10.0,10.0,10.0,9.0,9.0
2455313,96.0,10.0,10.0,10.0,10.0,10.0,9.0
2466350,93.0,10.0,9.0,10.0,10.0,9.0,9.0
2477409,90.0,9.0,10.0,10.0,9.0,9.0,9.0
2477787,100.0,9.0,10.0,10.0,10.0,10.0,10.0
2486953,97.0,10.0,10.0,10.0,10.0,10.0,9.0
2488837,94.0,10.0,10.0,9.0,10.0,9.0,9.0
2500662,90.0,9.0,9.0,9.0,9.0,9.0,9.0
2510224,90.0,10.0,8.0,9.0,9.0,9.0,9.0
2538807,97.0,10.0,10.0,10.0,10.0,10.0,10.0
2539953,97.0,10.0,10.0,10.0,10.0,10.0,9.0
2564140,87.0,9.0,9.0,9.0,9.0,9.0,9.0
2585410,98.0,9.0,10.0,10.0,10.0,10.0,10.0
2594714,93.0,10.0,9.0,9.0,9.0,9.0,9.0
2611820,92.0,9.0,10.0,9.0,10.0,10.0,9.0
2614717,94.0,10.0,9.0,10.0,10.0,10.0,9.0
2736358,97.0,10.0,10.0,10.0,10.0,10.0,9.0
2771688,92.0,10.0,9.0,10.0,10.0,9.0,9.0
2790637,100.0,10.0,10.0,10.0,10.0,10.0,10.0
2823227,96.0,10.0,10.0,10.0,10.0,10.0,10.0
2825966,94.0,10.0,10.0,10.0,10.0,10.0,9.0
2890120,96.0,10.0,9.0,10.0,10.0,10.0,9.0
2925557,97.0,10.0,10.0,10.0,10.0,10.0,9.0
2933105,98.0,10.0,10.0,10.0,10.0,10.0,10.0
2935400,97.0,9.0,9.0,9.0,10.0,10.0,9.0
2939849,98.0,10.0,9.0,10.0,10.0,10.0,10.0
2950592,100.0,10.0,10.0,10.0,10.0,9.0,10.0
2965433,98.0,10.0,10.0,10.0,10.0,10.0,10.0
2980184,90.0,10.0,10.0,10.0,10.0,9.0,8.0
2980416,100.0,10.0,9.0,10.0,10.0,10.0,10.0
3013427,98.0,10.0,10.0,10.0,10.0,10.0,10.0
3013520,87.0,10.0,9.0,10.0,10.0,9.0,9.0
3015450,97.0,10.0,10.0,10.0,10.0,10.0,10.0
3028924,99.0,10.0,10.0,10.0,10.0,9.0,10.0
3042811,100.0,10.0,10.0,10.0,10.0,10.0,10.0
3043102,94.0,10.0,10.0,10.0,10.0,10.0,9.0
3068285,60.0,10.0,10.0,6.0,8.0,10.0,6.0
3079665,95.0,10.0,10.0,10.0,10.0,10.0,9.0
3081560,100.0,10.0,10.0,10.0,10.0,10.0,10.0
3084671,100.0,10.0,10.0,10.0,10.0,10.0,10.0
3093070,96.0,10.0,9.0,10.0,10.0,10.0,9.0
3105998,99.0,10.0,10.0,10.0,10.0,10.0,9.0
3112427,97.0,10.0,10.0,10.0,10.0,10.0,10.0
3116428,96.0,10.0,10.0,10.0,10.0,10.0,9.0
3116974,99.0,10.0,10.0,10.0,10.0,10.0,10.0
3133266,98.0,10.0,10.0,10.0,10.0,10.0,9.0
3140113,80.0,10.0,4.0,10.0,10.0,10.0,10.0
3157463,99.0,10.0,10.0,10.0,10.0,10.0,10.0
3182798,96.0,10.0,9.0,10.0,10.0,10.0,9.0
3183280,99.0,10.0,10.0,10.0,10.0,10.0,9.0
3201044,98.0,10.0,10.0,10.0,10.0,9.0,9.0
3221082,96.0,10.0,10.0,10.0,10.0,10.0,10.0
3225725,90.0,10.0,9.0,10.0,10.0,9.0,9.0
3240016,97.0,10.0,10.0,10.0,10.0,10.0,10.0
3257979,95.0,10.0,9.0,10.0,10.0,9.0,9.0
3263219,99.0,10.0,10.0,10.0,10.0,10.0,10.0
3290739,97.0,10.0,10.0,10.0,10.0,10.0,9.0
3319447,97.0,10.0,10.0,10.0,10.0,10.0,9.0
3333937,98.0,10.0,10.0,10.0,10.0,9.0,10.0
3343629,92.0,10.0,10.0,8.0,8.0,10.0,8.0
3355334,100.0,10.0,10.0,10.0,10.0,10.0,10.0
3376512,97.0,10.0,10.0,10.0,10.0,9.0,9.0
3377936,98.0,10.0,10.0,10.0,10.0,9.0,10.0
3384413,96.0,10.0,10.0,10.0,10.0,10.0,9.0
3391368,97.0,10.0,10.0,10.0,10.0,9.0,10.0
3395051,100.0,10.0,10.0,10.0,10.0,10.0,10.0
3402610,98.0,10.0,10.0,10.0,10.0,10.0,9.0
3419211,95.0,10.0,9.0,10.0,10.0,10.0,10.0
3441949,100.0,10.0,10.0,10.0,10.0,10.0,10.0
3442439,99.0,10.0,10.0,10.0,10.0,10.0,10.0
3482655,93.0,10.0,10.0,9.0,10.0,10.0,9.0
3520817,97.0,10.0,10.0,10.0,10.0,10.0,10.0
3522990,98.0,10.0,10.0,10.0,10.0,10.0,10.0
3549398,99.0,10.0,9.0,10.0,10.0,10.0,10.0
3563261,94.0,10.0,10.0,10.0,10.0,10.0,9.0
3571735,89.0,9.0,9.0,10.0,9.0,9.0,9.0
3612236,89.0,9.0,9.0,9.0,9.0,10.0,9.0
3672198,97.0,10.0,10.0,10.0,10.0,10.0,10.0
3716504,98.0,10.0,10.0,10.0,10.0,10.0,10.0
3721927,99.0,10.0,10.0,10.0,9.0,10.0,10.0
3727061,98.0,10.0,10.0,10.0,10.0,9.0,10.0
3743219,95.0,10.0,10.0,10.0,10.0,10.0,10.0
3761446,98.0,10.0,10.0,10.0,10.0,10.0,10.0
3812931,99.0,10.0,10.0,10.0,10.0,10.0,10.0
3852803,99.0,10.0,10.0,10.0,10.0,10.0,10.0
3862478,100.0,10.0,10.0,10.0,10.0,10.0,10.0
3877462,99.0,10.0,10.0,10.0,10.0,10.0,10.0
3890704,94.0,10.0,10.0,10.0,10.0,10.0,9.0
3895335,93.0,10.0,8.0,10.0,9.0,9.0,8.0
3895951,99.0,10.0,10.0,10.0,10.0,10.0,10.0
3896205,95.0,10.0,10.0,10.0,10.0,10.0,9.0
3944915,84.0,8.0,9.0,9.0,10.0,9.0,9.0
3946571,97.0,10.0,10.0,10.0,10.0,10.0,10.0
4014209,100.0,10.0,10.0,10.0,10.0,10.0,10.0
4015985,60.0,8.0,8.0,10.0,10.0,8.0,6.0
4022209,91.0,9.0,9.0,10.0,10.0,10.0,9.0
4023249,92.0,10.0,10.0,10.0,10.0,10.0,9.0
4023585,91.0,9.0,8.0,10.0,9.0,8.0,8.0
4026354,93.0,9.0,10.0,10.0,10.0,10.0,9.0
4033038,100.0,10.0,10.0,10.0,10.0,10.0,10.0
4037590,100.0,10.0,10.0,10.0,10.0,10.0,8.0
4075971,98.0,10.0,10.0,10.0,10.0,9.0,10.0
4093967,98.0,10.0,10.0,10.0,10.0,10.0,10.0
4100473,95.0,10.0,9.0,10.0,10.0,10.0,9.0
4104344,97.0,10.0,10.0,10.0,10.0,10.0,9.0
4106442,94.0,9.0,8.0,10.0,10.0,10.0,9.0
4157192,99.0,10.0,10.0,10.0,10.0,10.0,10.0
4191242,94.0,10.0,10.0,10.0,10.0,10.0,9.0
4259418,87.0,9.0,9.0,9.0,9.0,9.0,9.0
4269254,98.0,10.0,10.0,10.0,10.0,10.0,10.0
4305042,99.0,10.0,10.0,10.0,10.0,10.0,10.0
4319230,100.0,10.0,9.0,10.0,10.0,10.0,10.0
4365969,99.0,10.0,10.0,10.0,10.0,10.0,10.0
4372435,94.0,10.0,9.0,10.0,10.0,9.0,9.0
4387067,98.0,10.0,10.0,10.0,10.0,10.0,10.0
4402199,99.0,10.0,10.0,10.0,10.0,10.0,10.0
4416566,91.0,10.0,9.0,9.0,9.0,9.0,9.0
4418649,98.0,10.0,10.0,10.0,10.0,10.0,10.0
4429527,97.0,10.0,10.0,10.0,10.0,10.0,10.0
4461197,88.0,9.0,8.0,10.0,10.0,10.0,8.0
4471474,95.0,10.0,9.0,10.0,10.0,10.0,9.0
4476390,88.0,9.0,9.0,10.0,9.0,8.0,9.0
4493744,96.0,10.0,10.0,10.0,10.0,9.0,9.0
4500244,92.0,9.0,9.0,9.0,10.0,10.0,9.0
4510968,88.0,10.0,9.0,10.0,9.0,10.0,9.0
4575906,97.0,10.0,9.0,10.0,9.0,9.0,9.0
4603953,99.0,10.0,10.0,10.0,10.0,10.0,10.0
4607177,98.0,10.0,10.0,10.0,10.0,10.0,9.0
4616596,97.0,10.0,10.0,10.0,10.0,10.0,9.0
4624467,98.0,10.0,10.0,10.0,10.0,10.0,10.0
4638176,100.0,10.0,10.0,10.0,10.0,10.0,10.0
4638678,88.0,9.0,10.0,10.0,9.0,10.0,10.0
4654218,98.0,10.0,10.0,10.0,10.0,9.0,10.0
4654737,93.0,10.0,10.0,10.0,9.0,10.0,9.0
4678599,100.0,10.0,10.0,10.0,10.0,10.0,10.0
4719139,100.0,10.0,9.0,10.0,10.0,10.0,10.0
4720512,96.0,10.0,10.0,10.0,10.0,10.0,10.0
4721013,90.0,10.0,9.0,9.0,10.0,10.0,9.0
4728615,88.0,9.0,9.0,10.0,9.0,10.0,10.0
4760192,95.0,9.0,9.0,10.0,10.0,9.0,9.0
4774742,97.0,10.0,10.0,10.0,10.0,10.0,10.0
4782281,90.0,9.0,9.0,10.0,10.0,10.0,9.0
4807817,98.0,10.0,10.0,9.0,9.0,10.0,10.0
4833101,99.0,10.0,10.0,10.0,10.0,10.0,10.0
4855194,88.0,9.0,8.0,9.0,9.0,9.0,9.0
4855686,96.0,10.0,10.0,10.0,10.0,9.0,9.0
4863182,100.0,10.0,10.0,10.0,10.0,10.0,10.0
4887475,95.0,10.0,9.0,10.0,10.0,10.0,9.0
4890230,94.0,10.0,9.0,10.0,10.0,10.0,9.0
4897595,97.0,9.0,10.0,10.0,10.0,10.0,10.0
4902565,90.0,9.0,9.0,10.0,10.0,9.0,9.0
4907924,95.0,9.0,9.0,10.0,10.0,9.0,9.0
4959980,93.0,10.0,10.0,10.0,10.0,10.0,9.0
4966389,97.0,10.0,9.0,10.0,10.0,10.0,10.0
5025420,87.0,9.0,9.0,10.0,9.0,10.0,9.0
5027016,89.0,9.0,10.0,10.0,10.0,9.0,9.0
5031525,99.0,10.0,10.0,10.0,10.0,10.0,10.0
5070957,89.0,9.0,9.0,9.0,9.0,10.0,9.0
5076251,90.0,10.0,9.0,8.0,10.0,9.0,9.0
5094146,98.0,10.0,10.0,10.0,10.0,10.0,10.0
5117701,95.0,10.0,10.0,10.0,10.0,10.0,9.0
5151423,99.0,10.0,10.0,10.0,10.0,10.0,10.0
5154227,99.0,10.0,10.0,10.0,10.0,10.0,10.0
5154242,83.0,9.0,10.0,9.0,9.0,8.0,8.0
5154367,98.0,10.0,10.0,10.0,10.0,10.0,10.0
5196116,92.0,10.0,10.0,10.0,10.0,8.0,9.0
5196142,99.0,10.0,10.0,10.0,10.0,10.0,9.0
5212469,100.0,10.0,10.0,10.0,10.0,10.0,10.0
5217164,93.0,10.0,10.0,10.0,10.0,8.0,9.0
5222044,97.0,10.0,10.0,10.0,10.0,10.0,10.0
5286047,98.0,10.0,10.0,10.0,10.0,10.0,9.0
5317789,98.0,10.0,10.0,10.0,10.0,10.0,10.0
5327231,100.0,10.0,10.0,10.0,10.0,9.0,10.0
5536512,98.0,10.0,9.0,10.0,10.0,10.0,10.0
5547500,99.0,10.0,10.0,10.0,10.0,10.0,10.0
5559608,98.0,10.0,10.0,10.0,10.0,10.0,9.0
5592637,89.0,9.0,9.0,9.0,9.0,10.0,9.0
5592754,100.0,10.0,10.0,10.0,9.0,10.0,10.0
5615061,97.0,10.0,10.0,10.0,10.0,10.0,8.0
5632452,96.0,10.0,10.0,10.0,10.0,9.0,9.0
5697110,90.0,10.0,10.0,9.0,9.0,9.0,9.0
5749181,94.0,10.0,10.0,10.0,10.0,10.0,9.0
5804060,88.0,9.0,9.0,9.0,10.0,10.0,9.0
5846567,100.0,10.0,10.0,10.0,10.0,10.0,10.0
5849626,99.0,10.0,10.0,10.0,10.0,10.0,9.0
5884735,97.0,10.0,10.0,10.0,10.0,10.0,9.0
5891594,100.0,10.0,10.0,10.0,10.0,10.0,10.0
5918090,95.0,10.0,10.0,10.0,10.0,9.0,9.0
5918432,90.0,9.0,8.0,10.0,10.0,9.0,10.0
5919500,99.0,10.0,10.0,10.0,10.0,10.0,9.0
5933430,100.0,10.0,10.0,10.0,10.0,10.0,10.0
5970639,97.0,10.0,10.0,10.0,10.0,9.0,9.0
5998790,94.0,9.0,9.0,10.0,10.0,10.0,9.0
6007925,97.0,10.0,9.0,10.0,10.0,10.0,9.0
6015077,95.0,10.0,9.0,10.0,10.0,9.0,9.0
6016647,86.0,8.0,9.0,9.0,10.0,8.0,8.0
6074750,95.0,10.0,10.0,10.0,10.0,10.0,9.0
6092596,98.0,10.0,10.0,10.0,10.0,10.0,9.0
6107258,87.0,10.0,9.0,10.0,10.0,10.0,9.0
6107359,98.0,10.0,10.0,10.0,10.0,9.0,10.0
6132191,98.0,10.0,10.0,10.0,10.0,10.0,10.0
6168622,95.0,10.0,10.0,10.0,10.0,10.0,9.0
6195258,96.0,10.0,10.0,10.0,10.0,10.0,10.0
6214853,97.0,10.0,9.0,10.0,10.0,10.0,10.0
6261638,99.0,10.0,10.0,10.0,10.0,10.0,10.0
6272183,95.0,10.0,10.0,10.0,10.0,10.0,9.0
6273036,94.0,10.0,10.0,10.0,10.0,10.0,9.0
6301675,100.0,10.0,10.0,10.0,10.0,10.0,10.0
6329731,98.0,10.0,10.0,10.0,10.0,10.0,9.0
6336315,99.0,10.0,10.0,10.0,10.0,10.0,10.0
6344096,98.0,10.0,10.0,9.0,10.0,10.0,9.0
6344500,97.0,10.0,10.0,10.0,10.0,10.0,9.0
6360976,93.0,9.0,9.0,10.0,9.0,10.0,9.0
6364873,100.0,10.0,10.0,10.0,10.0,10.0,10.0
6365190,96.0,10.0,9.0,10.0,10.0,10.0,9.0
6373849,92.0,10.0,10.0,10.0,10.0,10.0,10.0
6378495,94.0,10.0,9.0,10.0,10.0,10.0,9.0
6402782,97.0,10.0,10.0,10.0,10.0,10.0,9.0
6415052,99.0,10.0,10.0,10.0,10.0,10.0,9.0
6423158,99.0,10.0,10.0,10.0,10.0,10.0,10.0
6430646,98.0,10.0,9.0,10.0,10.0,10.0,10.0
6448545,87.0,9.0,8.0,9.0,9.0,10.0,8.0
6481492,93.0,9.0,9.0,10.0,10.0,9.0,9.0
6516295,100.0,10.0,10.0,10.0,10.0,10.0,10.0
6523507,100.0,10.0,10.0,10.0,10.0,10.0,10.0
6526129,80.0,10.0,6.0,10.0,10.0,10.0,8.0
6529234,97.0,10.0,10.0,10.0,10.0,10.0,9.0
6543813,99.0,10.0,10.0,10.0,10.0,10.0,10.0
6560870,100.0,10.0,10.0,10.0,10.0,10.0,10.0
6591087,100.0,10.0,10.0,10.0,10.0,10.0,10.0
6600081,100.0,10.0,10.0,10.0,10.0,10.0,10.0
6627450,96.0,10.0,10.0,10.0,10.0,10.0,9.0
6628985,96.0,10.0,10.0,10.0,10.0,10.0,10.0
6643496,100.0,10.0,10.0,10.0,10.0,10.0,10.0
6653474,94.0,10.0,9.0,10.0,10.0,10.0,9.0
6662231,87.0,9.0,9.0,10.0,9.0,9.0,10.0
6684182,100.0,10.0,10.0,10.0,10.0,10.0,10.0
6691495,100.0,10.0,10.0,10.0,10.0,9.0,10.0
6748645,99.0,10.0,10.0,10.0,10.0,10.0,10.0
6749412,94.0,10.0,9.0,10.0,10.0,10.0,9.0
6762434,86.0,9.0,9.0,9.0,9.0,10.0,9.0
6784032,100.0,10.0,10.0,10.0,10.0,10.0,9.0
6822748,98.0,10.0,10.0,9.0,9.0,10.0,10.0
6836411,99.0,10.0,10.0,9.0,10.0,10.0,9.0
6836928,94.0,10.0,10.0,10.0,10.0,9.0,9.0
6864929,100.0,10.0,10.0,10.0,10.0,10.0,9.0
6870420,100.0,10.0,10.0,10.0,10.0,10.0,10.0
6878780,100.0,10.0,10.0,10.0,10.0,10.0,10.0
6898334,60.0,5.0,6.0,9.0,7.0,10.0,6.0
6911587,98.0,10.0,10.0,10.0,10.0,9.0,10.0
6934867,94.0,9.0,10.0,10.0,10.0,9.0,9.0
6934874,96.0,10.0,10.0,10.0,10.0,9.0,9.0
6940354,97.0,10.0,10.0,10.0,10.0,9.0,10.0
6940448,84.0,8.0,8.0,9.0,8.0,9.0,8.0
6955678,87.0,9.0,8.0,8.0,9.0,9.0,9.0
6957662,96.0,10.0,10.0,10.0,10.0,10.0,10.0
6970746,98.0,10.0,10.0,10.0,10.0,10.0,10.0
6973383,99.0,10.0,9.0,10.0,10.0,10.0,10.0
6985131,96.0,10.0,10.0,10.0,10.0,10.0,10.0
7003729,100.0,10.0,10.0,10.0,10.0,10.0,10.0
7004802,96.0,10.0,10.0,10.0,10.0,10.0,9.0
7020637,96.0,10.0,9.0,10.0,10.0,10.0,9.0
7028127,98.0,10.0,10.0,10.0,10.0,9.0,10.0
7034114,100.0,10.0,10.0,10.0,10.0,10.0,10.0
7035672,99.0,10.0,10.0,10.0,10.0,10.0,10.0
7038488,95.0,9.0,9.0,9.0,10.0,10.0,10.0
7065335,97.0,10.0,10.0,10.0,10.0,10.0,10.0
7067681,95.0,10.0,9.0,10.0,10.0,10.0,10.0
7073115,99.0,10.0,10.0,10.0,10.0,10.0,10.0
7196412,94.0,10.0,9.0,10.0,10.0,10.0,9.0
7202063,98.0,10.0,10.0,9.0,10.0,9.0,10.0
7222704,96.0,10.0,10.0,10.0,10.0,10.0,10.0
7247351,97.0,10.0,10.0,10.0,10.0,10.0,9.0
7247746,89.0,10.0,9.0,10.0,10.0,9.0,9.0
7292878,97.0,10.0,10.0,10.0,10.0,10.0,10.0
7302136,100.0,10.0,9.0,10.0,10.0,10.0,10.0
7309811,97.0,10.0,10.0,10.0,10.0,10.0,10.0
7331464,97.0,10.0,10.0,10.0,10.0,10.0,9.0
7343245,97.0,10.0,10.0,10.0,10.0,10.0,9.0
7343277,96.0,10.0,10.0,10.0,10.0,10.0,10.0
7344289,96.0,10.0,9.0,10.0,10.0,10.0,9.0
7345468,98.0,10.0,10.0,10.0,10.0,10.0,10.0
7421008,93.0,10.0,9.0,10.0,10.0,10.0,9.0
7499793,100.0,10.0,10.0,10.0,10.0,10.0,10.0
7548762,89.0,9.0,9.0,9.0,9.0,10.0,9.0
7558236,98.0,10.0,10.0,10.0,10.0,10.0,9.0
7562249,97.0,10.0,10.0,10.0,10.0,10.0,9.0
7562547,100.0,10.0,10.0,10.0,10.0,10.0,10.0
7581918,95.0,10.0,9.0,10.0,10.0,9.0,9.0
7699276,100.0,10.0,10.0,10.0,10.0,10.0,10.0
7701360,100.0,10.0,10.0,10.0,10.0,10.0,10.0
7729217,98.0,10.0,10.0,10.0,10.0,10.0,10.0
7764531,99.0,10.0,10.0,10.0,10.0,10.0,9.0
7841744,95.0,10.0,10.0,10.0,10.0,10.0,9.0
7842771,88.0,9.0,10.0,9.0,9.0,10.0,9.0
7859448,100.0,10.0,10.0,10.0,10.0,10.0,10.0
7921739,100.0,10.0,10.0,10.0,10.0,10.0,10.0
7930685,97.0,10.0,10.0,10.0,10.0,10.0,9.0
7956817,100.0,10.0,10.0,10.0,10.0,10.0,10.0
7963103,97.0,10.0,10.0,10.0,10.0,10.0,10.0
7973781,95.0,10.0,10.0,10.0,10.0,9.0,9.0
7983070,94.0,10.0,9.0,10.0,10.0,10.0,9.0
8030646,98.0,10.0,10.0,10.0,10.0,10.0,9.0
8041262,100.0,10.0,10.0,10.0,10.0,10.0,10.0
8051735,91.0,9.0,10.0,9.0,9.0,10.0,9.0
8053481,98.0,10.0,10.0,10.0,10.0,10.0,9.0
8055632,96.0,10.0,10.0,10.0,10.0,9.0,10.0
8071493,100.0,9.0,10.0,10.0,10.0,10.0,10.0
8117174,97.0,10.0,10.0,10.0,10.0,9.0,9.0
8117667,98.0,10.0,10.0,10.0,10.0,10.0,10.0
8152867,93.0,9.0,9.0,9.0,10.0,10.0,9.0
8155106,99.0,10.0,10.0,10.0,10.0,10.0,10.0
8184928,98.0,10.0,10.0,10.0,10.0,10.0,10.0
8192881,95.0,9.0,9.0,10.0,10.0,10.0,9.0
8207665,94.0,10.0,10.0,10.0,10.0,10.0,9.0
8353031,99.0,10.0,10.0,10.0,10.0,10.0,9.0
8356380,99.0,10.0,10.0,10.0,10.0,9.0,10.0
8422161,100.0,10.0,10.0,10.0,10.0,10.0,6.0
8464365,100.0,10.0,10.0,10.0,10.0,10.0,10.0
8472083,100.0,10.0,10.0,10.0,10.0,10.0,10.0
8474452,98.0,10.0,10.0,10.0,10.0,10.0,10.0
8489712,98.0,10.0,10.0,10.0,10.0,9.0,10.0
8500048,96.0,10.0,10.0,10.0,10.0,10.0,9.0
8542873,92.0,10.0,10.0,10.0,10.0,10.0,9.0
8554141,93.0,10.0,9.0,10.0,9.0,10.0,9.0
8556635,80.0,8.0,10.0,9.0,9.0,9.0,8.0
8557304,95.0,10.0,10.0,10.0,10.0,9.0,9.0
8565153,89.0,10.0,9.0,9.0,9.0,10.0,9.0
8684508,89.0,10.0,9.0,10.0,9.0,10.0,9.0
8735636,92.0,8.0,10.0,9.0,9.0,10.0,9.0
8760949,95.0,9.0,9.0,10.0,10.0,9.0,9.0
8886022,88.0,9.0,9.0,9.0,8.0,9.0,9.0
8904047,95.0,10.0,10.0,10.0,10.0,10.0,9.0
8907289,98.0,10.0,10.0,10.0,10.0,10.0,9.0
8926150,94.0,10.0,9.0,9.0,9.0,10.0,9.0
9051149,98.0,10.0,10.0,10.0,10.0,10.0,10.0
9127072,100.0,10.0,10.0,10.0,10.0,10.0,10.0
9187534,99.0,10.0,10.0,10.0,10.0,10.0,10.0
9201385,100.0,10.0,10.0,10.0,10.0,10.0,10.0
9239118,97.0,10.0,10.0,10.0,10.0,10.0,9.0
9242011,97.0,10.0,10.0,10.0,10.0,9.0,10.0
9256506,99.0,10.0,10.0,10.0,10.0,10.0,10.0
9280940,100.0,10.0,10.0,10.0,10.0,8.0,10.0
9298491,93.0,9.0,10.0,10.0,10.0,9.0,9.0
9346814,98.0,10.0,10.0,10.0,10.0,10.0,9.0
9402993,100.0,10.0,10.0,10.0,10.0,10.0,10.0
9440164,100.0,10.0,10.0,10.0,10.0,10.0,10.0
9480122,99.0,10.0,10.0,10.0,10.0,10.0,10.0
9488665,99.0,10.0,10.0,10.0,10.0,10.0,10.0
9496930,100.0,10.0,10.0,10.0,10.0,10.0,10.0
9497588,95.0,10.0,9.0,10.0,10.0,10.0,10.0
9605720,94.0,9.0,9.0,9.0,9.0,10.0,9.0
9608262,96.0,10.0,9.0,10.0,10.0,10.0,9.0
9650878,95.0,10.0,9.0,10.0,10.0,10.0,9.0
9730358,99.0,10.0,10.0,10.0,10.0,10.0,10.0
9779327,100.0,10.0,10.0,10.0,10.0,10.0,10.0
9779853,100.0,10.0,9.0,10.0,10.0,10.0,10.0
9903046,99.0,10.0,10.0,10.0,10.0,9.0,10.0
9909627,97.0,10.0,10.0,10.0,10.0,10.0,9.0
9945149,92.0,9.0,10.0,9.0,10.0,10.0,10.0
9949873,98.0,10.0,10.0,10.0,10.0,10.0,10.0
9972077,100.0,10.0,10.0,10.0,10.0,10.0,10.0
9990609,95.0,10.0,10.0,10.0,10.0,9.0,9.0
9998508,97.0,10.0,10.0,10.0,10.0,9.0,10.0
10000523,99.0,10.0,10.0,10.0,10.0,10.0,9.0
10035487,97.0,10.0,10.0,10.0,10.0,10.0,9.0
10043166,97.0,10.0,9.0,10.0,10.0,10.0,9.0
10058134,98.0,10.0,10.0,10.0,10.0,10.0,10.0
10058568,100.0,10.0,10.0,10.0,10.0,10.0,10.0
10089183,98.0,10.0,10.0,10.0,10.0,10.0,10.0
10099733,95.0,9.0,9.0,10.0,10.0,10.0,9.0
10105531,92.0,10.0,9.0,10.0,10.0,10.0,9.0
10156101,96.0,10.0,10.0,10.0,10.0,10.0,10.0
10193457,93.0,10.0,10.0,10.0,10.0,10.0,10.0
10199931,98.0,9.0,10.0,9.0,10.0,10.0,9.0
10227655,100.0,10.0,10.0,10.0,10.0,10.0,10.0
10273567,99.0,10.0,10.0,10.0,10.0,10.0,10.0
10280888,92.0,10.0,9.0,10.0,10.0,9.0,9.0
10282371,87.0,9.0,9.0,9.0,9.0,9.0,9.0
10362654,100.0,10.0,10.0,10.0,10.0,10.0,9.0
10369307,96.0,10.0,9.0,10.0,10.0,9.0,10.0
10382015,100.0,10.0,10.0,10.0,10.0,10.0,10.0
10409218,96.0,10.0,9.0,10.0,10.0,10.0,10.0
10410858,100.0,10.0,10.0,10.0,10.0,10.0,10.0
10431578,100.0,10.0,9.0,10.0,10.0,10.0,9.0
10437411,99.0,10.0,10.0,10.0,10.0,10.0,10.0
10458279,100.0,10.0,10.0,10.0,10.0,9.0,9.0
10469182,98.0,10.0,10.0,10.0,10.0,10.0,10.0
10477793,98.0,10.0,10.0,10.0,10.0,10.0,10.0
10502323,98.0,10.0,10.0,10.0,10.0,10.0,10.0
10524804,97.0,10.0,10.0,10.0,10.0,10.0,10.0
10572287,98.0,10.0,10.0,10.0,10.0,10.0,10.0
10578137,100.0,10.0,10.0,10.0,10.0,10.0,10.0
10592499,98.0,10.0,9.0,10.0,10.0,10.0,9.0
10603148,99.0,10.0,10.0,10.0,10.0,10.0,10.0
10616635,95.0,10.0,9.0,10.0,9.0,9.0,8.0
10634387,98.0,10.0,10.0,10.0,10.0,9.0,10.0
10638522,96.0,10.0,9.0,9.0,10.0,10.0,10.0
10648093,99.0,10.0,10.0,10.0,10.0,10.0,9.0
10660892,95.0,10.0,9.0,10.0,10.0,10.0,9.0
10676501,96.0,10.0,9.0,10.0,10.0,10.0,9.0
10681956,99.0,10.0,10.0,10.0,10.0,10.0,9.0
10698325,91.0,9.0,8.0,10.0,9.0,10.0,9.0
10769424,91.0,10.0,9.0,10.0,10.0,10.0,9.0
10808224,100.0,10.0,10.0,10.0,10.0,10.0,10.0
10823468,98.0,10.0,10.0,9.0,10.0,10.0,10.0
10829828,99.0,10.0,10.0,10.0,10.0,10.0,10.0
10831610,100.0,10.0,10.0,10.0,10.0,10.0,10.0
10832295,100.0,10.0,10.0,10.0,10.0,10.0,10.0
10859050,97.0,10.0,10.0,10.0,10.0,10.0,10.0
10863850,100.0,10.0,10.0,10.0,10.0,10.0,10.0
10897864,96.0,10.0,10.0,10.0,10.0,10.0,10.0
10926639,93.0,9.0,8.0,10.0,10.0,10.0,9.0
10929061,99.0,10.0,10.0,10.0,10.0,10.0,10.0
10965525,100.0,10.0,10.0,10.0,10.0,10.0,10.0
10968239,96.0,10.0,10.0,10.0,10.0,10.0,10.0
10998250,98.0,10.0,10.0,10.0,10.0,10.0,10.0
11013337,96.0,10.0,10.0,10.0,10.0,9.0,9.0
11100497,100.0,9.0,10.0,10.0,10.0,10.0,10.0
11100926,97.0,10.0,9.0,10.0,10.0,10.0,10.0
11115880,99.0,10.0,10.0,10.0,10.0,10.0,10.0
11181016,98.0,10.0,9.0,10.0,10.0,10.0,10.0
11241173,98.0,10.0,10.0,10.0,10.0,9.0,10.0
11241783,88.0,10.0,9.0,10.0,10.0,10.0,8.0
11259062,99.0,10.0,10.0,10.0,10.0,10.0,9.0
11284679,100.0,10.0,10.0,10.0,10.0,10.0,10.0
11301106,100.0,10.0,10.0,10.0,9.0,10.0,9.0
11305302,50.0,3.0,6.0,7.0,7.0,9.0,4.0
11345707,100.0,10.0,10.0,10.0,10.0,10.0,10.0
11359996,92.0,9.0,9.0,10.0,9.0,10.0,9.0
11421711,98.0,10.0,10.0,10.0,10.0,10.0,10.0
11434490,98.0,10.0,9.0,10.0,10.0,10.0,10.0
11437442,98.0,10.0,10.0,10.0,10.0,10.0,10.0
11439120,87.0,9.0,10.0,10.0,9.0,10.0,10.0
11446614,91.0,9.0,10.0,9.0,10.0,8.0,9.0
11494067,99.0,10.0,10.0,10.0,10.0,10.0,10.0
11556239,95.0,10.0,10.0,10.0,10.0,10.0,10.0
11636621,91.0,9.0,9.0,10.0,10.0,10.0,8.0
11659435,93.0,9.0,9.0,10.0,10.0,10.0,9.0
11701569,100.0,10.0,10.0,10.0,10.0,10.0,9.0
11775546,97.0,10.0,10.0,10.0,10.0,10.0,9.0
11834467,96.0,10.0,9.0,10.0,10.0,10.0,9.0
11845487,90.0,9.0,9.0,10.0,9.0,9.0,9.0
11851112,100.0,8.0,8.0,10.0,10.0,10.0,8.0
11888682,100.0,10.0,10.0,10.0,10.0,10.0,10.0
11912034,98.0,10.0,10.0,10.0,10.0,10.0,10.0
11924237,99.0,10.0,10.0,10.0,10.0,10.0,10.0
11939561,99.0,10.0,10.0,10.0,10.0,10.0,10.0
11942275,100.0,10.0,10.0,10.0,10.0,10.0,9.0
11949198,98.0,10.0,10.0,10.0,10.0,10.0,10.0
12037978,97.0,10.0,10.0,10.0,10.0,10.0,9.0
12041358,93.0,10.0,9.0,9.0,10.0,9.0,8.0
12057024,100.0,10.0,10.0,10.0,10.0,10.0,10.0
12111841,87.0,9.0,9.0,9.0,9.0,10.0,9.0
12126766,100.0,10.0,10.0,10.0,10.0,10.0,9.0
12137566,100.0,10.0,10.0,8.0,10.0,9.0,10.0
12151600,85.0,9.0,8.0,10.0,9.0,9.0,8.0
12212126,85.0,9.0,9.0,9.0,9.0,9.0,9.0
12228334,98.0,10.0,10.0,10.0,10.0,9.0,10.0
12288524,93.0,10.0,9.0,10.0,10.0,9.0,9.0
12310120,90.0,9.0,9.0,10.0,10.0,9.0,9.0
12425911,100.0,10.0,10.0,10.0,10.0,10.0,10.0
12437037,94.0,10.0,10.0,10.0,10.0,10.0,9.0
12484859,87.0,9.0,8.0,10.0,10.0,9.0,9.0
12511163,98.0,10.0,10.0,10.0,10.0,10.0,10.0
12607119,99.0,10.0,10.0,10.0,10.0,10.0,9.0
12657038,97.0,10.0,10.0,10.0,10.0,9.0,10.0
12725886,98.0,10.0,10.0,10.0,10.0,10.0,9.0
12750864,100.0,10.0,10.0,10.0,10.0,10.0,10.0
12832173,98.0,10.0,10.0,10.0,10.0,9.0,10.0
12853799,93.0,10.0,9.0,10.0,10.0,10.0,9.0
12857011,95.0,10.0,9.0,10.0,10.0,10.0,9.0
12857222,95.0,10.0,9.0,10.0,10.0,10.0,9.0
12930338,99.0,10.0,10.0,10.0,10.0,10.0,10.0
12953897,97.0,10.0,10.0,10.0,10.0,10.0,10.0
12954602,98.0,10.0,10.0,10.0,10.0,10.0,10.0
12981814,96.0,10.0,10.0,10.0,10.0,10.0,9.0
13016330,80.0,9.0,8.0,9.0,9.0,9.0,8.0
13084734,90.0,9.0,9.0,10.0,9.0,9.0,9.0
13095952,92.0,10.0,9.0,10.0,10.0,9.0,9.0
13100047,98.0,10.0,10.0,10.0,10.0,10.0,9.0
13120626,90.0,10.0,10.0,10.0,10.0,10.0,10.0
13128357,99.0,10.0,10.0,10.0,10.0,10.0,10.0
13157125,99.0,10.0,10.0,10.0,10.0,10.0,10.0
13171740,93.0,8.0,10.0,10.0,10.0,10.0,6.0
13190103,87.0,9.0,9.0,10.0,10.0,9.0,9.0
13204198,70.0,10.0,9.0,10.0,9.0,10.0,9.0
13239272,100.0,10.0,10.0,10.0,10.0,10.0,10.0
13264163,97.0,10.0,9.0,10.0,10.0,10.0,10.0
13284332,98.0,10.0,10.0,10.0,10.0,10.0,10.0
13284618,98.0,10.0,10.0,10.0,10.0,10.0,10.0
13315189,97.0,10.0,10.0,10.0,10.0,10.0,10.0
13332858,96.0,10.0,10.0,10.0,10.0,9.0,9.0
13346701,97.0,10.0,10.0,10.0,10.0,10.0,10.0
13349338,93.0,10.0,9.0,10.0,10.0,10.0,9.0
13393846,97.0,10.0,10.0,10.0,10.0,10.0,10.0
13448637,98.0,10.0,10.0,10.0,10.0,10.0,10.0
13465756,93.0,10.0,10.0,10.0,9.0,10.0,9.0
13479950,100.0,10.0,10.0,10.0,10.0,10.0,10.0
13563865,90.0,9.0,9.0,10.0,10.0,9.0,9.0
13574259,96.0,10.0,10.0,10.0,10.0,9.0,9.0
13585679,97.0,10.0,10.0,10.0,9.0,10.0,10.0
13591271,97.0,10.0,10.0,10.0,10.0,10.0,10.0
13603416,93.0,10.0,10.0,10.0,10.0,8.0,10.0
13654134,95.0,10.0,10.0,10.0,10.0,10.0,9.0
13676473,97.0,10.0,10.0,10.0,10.0,9.0,9.0
13686323,93.0,10.0,10.0,10.0,10.0,10.0,9.0
13735664,100.0,10.0,10.0,10.0,10.0,10.0,10.0
13883766,90.0,8.0,10.0,9.0,8.0,10.0,9.0
13899875,99.0,10.0,10.0,10.0,10.0,10.0,10.0
13911251,87.0,9.0,10.0,10.0,10.0,10.0,9.0
13913555,99.0,10.0,10.0,10.0,10.0,10.0,9.0
13943674,99.0,10.0,10.0,10.0,10.0,9.0,9.0
13975376,94.0,10.0,10.0,9.0,10.0,10.0,9.0
13978938,98.0,10.0,10.0,10.0,10.0,10.0,9.0
14104431,100.0,10.0,10.0,10.0,10.0,10.0,10.0
14153586,92.0,10.0,9.0,10.0,10.0,10.0,9.0
14166343,99.0,10.0,10.0,10.0,10.0,10.0,10.0
14179987,94.0,10.0,9.0,10.0,9.0,10.0,9.0
14180539,93.0,10.0,9.0,10.0,10.0,9.0,9.0
14197078,92.0,9.0,10.0,9.0,9.0,9.0,9.0
14203815,97.0,10.0,10.0,10.0,10.0,9.0,9.0
14206695,100.0,10.0,10.0,10.0,10.0,10.0,10.0
14266916,98.0,10.0,10.0,10.0,10.0,9.0,9.0
14299097,98.0,10.0,10.0,10.0,10.0,10.0,9.0
14374783,100.0,10.0,10.0,10.0,10.0,10.0,10.0
14404663,80.0,9.0,8.0,10.0,10.0,9.0,8.0
14426130,99.0,10.0,10.0,10.0,10.0,10.0,10.0
14448599,100.0,10.0,10.0,10.0,10.0,10.0,9.0
14451638,85.0,9.0,9.0,10.0,10.0,9.0,9.0
14453697,94.0,10.0,10.0,10.0,10.0,9.0,9.0
14505006,98.0,10.0,10.0,10.0,10.0,10.0,9.0
14548497,87.0,9.0,9.0,10.0,9.0,10.0,8.0
14551959,91.0,9.0,9.0,10.0,9.0,10.0,9.0
14552390,89.0,9.0,9.0,9.0,9.0,10.0,9.0
14606464,100.0,10.0,10.0,10.0,10.0,10.0,10.0
14611546,100.0,10.0,10.0,10.0,10.0,10.0,10.0
14619235,100.0,10.0,10.0,10.0,10.0,10.0,10.0
14651109,99.0,10.0,10.0,10.0,10.0,10.0,10.0
14654471,89.0,9.0,9.0,10.0,9.0,8.0,9.0
14671513,96.0,10.0,9.0,10.0,10.0,10.0,10.0
14673134,98.0,10.0,10.0,10.0,10.0,10.0,10.0
14691164,99.0,10.0,10.0,10.0,10.0,10.0,10.0
14745298,100.0,10.0,10.0,10.0,10.0,10.0,10.0
14760041,98.0,10.0,10.0,10.0,10.0,10.0,10.0
14761638,87.0,9.0,8.0,9.0,9.0,10.0,9.0
14762607,100.0,10.0,10.0,10.0,10.0,9.0,9.0
14763705,96.0,10.0,9.0,10.0,10.0,9.0,9.0
14775913,99.0,10.0,10.0,10.0,10.0,10.0,10.0
14802586,98.0,10.0,10.0,10.0,10.0,10.0,9.0
14804950,98.0,10.0,10.0,10.0,10.0,10.0,9.0
14808208,98.0,10.0,10.0,10.0,10.0,10.0,10.0
14869325,88.0,9.0,9.0,10.0,10.0,10.0,9.0
14948986,100.0,10.0,10.0,10.0,10.0,10.0,10.0
14950542,96.0,9.0,9.0,10.0,9.0,10.0,10.0
14983353,95.0,10.0,10.0,10.0,10.0,10.0,9.0
15024335,98.0,10.0,10.0,10.0,10.0,10.0,9.0
15075530,95.0,10.0,10.0,10.0,10.0,8.0,9.0
15111599,100.0,10.0,10.0,10.0,10.0,10.0,10.0
15130794,100.0,10.0,10.0,10.0,10.0,10.0,9.0
15132100,85.0,10.0,9.0,10.0,9.0,10.0,9.0
15162895,90.0,9.0,9.0,9.0,9.0,10.0,9.0
15177458,97.0,10.0,10.0,10.0,10.0,10.0,10.0
15207802,100.0,10.0,10.0,10.0,10.0,10.0,8.0
15216713,100.0,10.0,10.0,10.0,10.0,10.0,9.0
15220043,99.0,10.0,10.0,10.0,10.0,10.0,9.0
15268492,95.0,10.0,10.0,10.0,10.0,10.0,9.0
15286104,100.0,10.0,9.0,10.0,10.0,10.0,10.0
15297353,97.0,10.0,10.0,10.0,10.0,10.0,10.0
15299001,91.0,10.0,9.0,10.0,9.0,10.0,9.0
15311048,100.0,10.0,10.0,10.0,10.0,10.0,10.0
15314587,100.0,10.0,10.0,10.0,10.0,10.0,10.0
15330348,95.0,10.0,10.0,10.0,10.0,10.0,9.0
15346313,99.0,10.0,10.0,10.0,10.0,10.0,10.0
15346876,99.0,10.0,10.0,10.0,10.0,10.0,10.0
15377479,70.0,7.0,9.0,10.0,10.0,8.0,8.0
15383658,97.0,10.0,10.0,10.0,10.0,10.0,10.0
15401372,95.0,10.0,10.0,10.0,10.0,10.0,10.0
15408863,97.0,10.0,10.0,10.0,10.0,10.0,10.0
15409616,99.0,10.0,10.0,10.0,10.0,10.0,9.0
15412358,84.0,9.0,10.0,10.0,10.0,9.0,8.0
15434462,93.0,9.0,9.0,10.0,10.0,9.0,9.0
15504145,100.0,10.0,10.0,10.0,10.0,10.0,10.0
15604358,100.0,8.0,10.0,10.0,10.0,10.0,10.0
15675279,100.0,10.0,10.0,10.0,10.0,10.0,8.0
15675657,94.0,10.0,9.0,10.0,9.0,10.0,9.0
15705696,98.0,10.0,10.0,10.0,10.0,10.0,9.0
15708231,100.0,10.0,10.0,10.0,10.0,9.0,10.0
15734872,100.0,10.0,10.0,10.0,10.0,10.0,9.0
15743600,100.0,10.0,9.0,10.0,10.0,10.0,9.0
15769324,88.0,9.0,9.0,10.0,9.0,10.0,9.0
15775423,87.0,9.0,9.0,9.0,7.0,6.0,8.0
15792140,83.0,9.0,8.0,10.0,10.0,9.0,8.0
15824294,93.0,10.0,10.0,9.0,10.0,10.0,9.0
15835438,99.0,10.0,10.0,10.0,10.0,10.0,10.0
15843007,95.0,10.0,9.0,10.0,10.0,9.0,9.0
15843930,96.0,9.0,9.0,10.0,10.0,10.0,9.0
15860973,99.0,10.0,10.0,10.0,10.0,10.0,9.0
15870673,84.0,10.0,8.0,8.0,9.0,10.0,9.0
15871266,100.0,10.0,10.0,10.0,10.0,10.0,10.0
15916432,97.0,9.0,9.0,10.0,10.0,10.0,10.0
15916933,95.0,9.0,9.0,10.0,9.0,10.0,10.0
15919029,97.0,10.0,10.0,10.0,10.0,10.0,10.0
15920878,89.0,10.0,9.0,10.0,10.0,9.0,9.0
15939264,96.0,10.0,10.0,10.0,10.0,9.0,10.0
15939487,88.0,9.0,9.0,9.0,10.0,8.0,9.0
15957963,86.0,9.0,8.0,10.0,9.0,10.0,9.0
15999214,80.0,8.0,8.0,9.0,8.0,8.0,9.0
16017966,99.0,10.0,10.0,10.0,10.0,9.0,9.0
16026556,100.0,9.0,8.0,10.0,10.0,9.0,9.0
16051031,89.0,9.0,8.0,10.0,9.0,10.0,9.0
16055131,98.0,10.0,10.0,10.0,10.0,10.0,10.0
16068498,88.0,9.0,9.0,10.0,9.0,10.0,8.0
16125990,98.0,10.0,10.0,10.0,10.0,10.0,10.0
16137002,100.0,10.0,10.0,10.0,10.0,9.0,9.0
16162370,100.0,10.0,10.0,10.0,10.0,10.0,10.0
16162763,93.0,9.0,9.0,10.0,10.0,9.0,9.0
16162846,93.0,10.0,10.0,10.0,9.0,10.0,9.0
16173016,100.0,10.0,10.0,10.0,10.0,10.0,10.0
16176101,85.0,9.0,9.0,9.0,9.0,10.0,8.0
16190202,98.0,10.0,10.0,10.0,10.0,10.0,10.0
16208102,99.0,10.0,10.0,10.0,10.0,10.0,9.0
16230722,98.0,10.0,10.0,10.0,10.0,9.0,10.0
16241036,96.0,10.0,10.0,10.0,10.0,10.0,10.0
16242493,95.0,10.0,9.0,10.0,10.0,9.0,9.0
16255081,88.0,9.0,9.0,10.0,10.0,10.0,9.0
16256385,95.0,10.0,9.0,10.0,10.0,10.0,9.0
16257289,60.0,10.0,8.0,10.0,10.0,6.0,6.0
16330378,97.0,10.0,10.0,10.0,10.0,9.0,9.0
16331804,97.0,10.0,10.0,10.0,10.0,9.0,9.0
16406043,100.0,10.0,10.0,10.0,10.0,10.0,10.0
16435615,97.0,10.0,10.0,10.0,10.0,10.0,9.0
16569308,95.0,10.0,10.0,10.0,10.0,10.0,9.0
16570808,95.0,9.0,10.0,10.0,10.0,10.0,10.0
16602539,100.0,10.0,10.0,10.0,10.0,10.0,10.0
16604785,91.0,9.0,9.0,10.0,10.0,9.0,9.0
16688334,96.0,10.0,9.0,10.0,10.0,10.0,9.0
16690768,100.0,10.0,9.0,10.0,10.0,9.0,10.0
16779057,97.0,10.0,10.0,10.0,9.0,10.0,10.0
16779078,89.0,10.0,9.0,10.0,10.0,10.0,9.0
16824774,99.0,10.0,10.0,10.0,10.0,10.0,10.0
16839867,100.0,10.0,10.0,10.0,10.0,10.0,9.0
16858141,94.0,10.0,9.0,10.0,10.0,9.0,9.0
16872797,99.0,10.0,10.0,10.0,10.0,10.0,10.0
16897598,98.0,10.0,10.0,10.0,10.0,10.0,10.0
16913294,100.0,10.0,10.0,10.0,10.0,10.0,10.0
16930151,93.0,10.0,10.0,10.0,9.0,10.0,9.0
16930431,93.0,9.0,10.0,10.0,9.0,10.0,10.0
16945037,94.0,10.0,10.0,10.0,9.0,10.0,9.0
16987679,96.0,10.0,10.0,10.0,10.0,10.0,10.0
17011295,81.0,9.0,9.0,9.0,9.0,8.0,9.0
17016281,92.0,9.0,9.0,10.0,10.0,10.0,9.0
17026443,96.0,10.0,10.0,10.0,10.0,10.0,9.0
17029166,98.0,10.0,10.0,10.0,10.0,9.0,10.0
17097361,97.0,10.0,10.0,10.0,10.0,10.0,10.0
17188701,95.0,10.0,9.0,10.0,10.0,10.0,10.0
17222332,100.0,10.0,9.0,10.0,10.0,9.0,9.0
17237993,84.0,9.0,7.0,10.0,9.0,9.0,8.0
17254515,98.0,10.0,10.0,10.0,10.0,10.0,10.0
17267153,89.0,9.0,9.0,9.0,10.0,9.0,9.0
17281042,98.0,10.0,10.0,10.0,10.0,10.0,9.0
17318005,99.0,10.0,10.0,10.0,10.0,10.0,9.0
17344333,95.0,10.0,9.0,10.0,10.0,10.0,10.0
17345722,99.0,10.0,10.0,10.0,10.0,10.0,10.0
17346342,98.0,10.0,10.0,10.0,10.0,9.0,10.0
17382326,99.0,10.0,10.0,10.0,10.0,10.0,10.0
17405370,99.0,10.0,10.0,10.0,10.0,10.0,10.0
17419803,93.0,10.0,9.0,10.0,10.0,10.0,9.0
17424816,99.0,10.0,10.0,10.0,10.0,10.0,10.0
17433218,100.0,10.0,10.0,10.0,10.0,10.0,9.0
17445405,93.0,10.0,9.0,10.0,10.0,9.0,9.0
17482888,100.0,10.0,10.0,10.0,10.0,10.0,9.0
17483684,100.0,10.0,10.0,10.0,10.0,10.0,10.0
17534690,94.0,10.0,10.0,10.0,10.0,10.0,9.0
17543317,100.0,10.0,10.0,10.0,10.0,10.0,10.0
17551632,98.0,10.0,10.0,10.0,10.0,10.0,10.0
17585947,99.0,10.0,10.0,10.0,10.0,10.0,10.0
17587530,99.0,10.0,10.0,10.0,10.0,10.0,10.0
17592480,100.0,10.0,10.0,10.0,10.0,9.0,10.0
17624633,90.0,9.0,9.0,10.0,10.0,8.0,9.0
17626514,87.0,9.0,9.0,10.0,10.0,10.0,9.0
17642091,98.0,10.0,10.0,10.0,10.0,10.0,10.0
17695233,100.0,10.0,10.0,10.0,10.0,10.0,10.0
17696905,95.0,9.0,9.0,10.0,10.0,10.0,9.0
17714209,100.0,10.0,10.0,10.0,10.0,10.0,9.0
17734527,93.0,9.0,9.0,10.0,10.0,10.0,10.0
17778664,98.0,10.0,10.0,10.0,10.0,10.0,9.0
17794706,85.0,8.0,8.0,10.0,9.0,10.0,9.0
17794741,83.0,9.0,8.0,9.0,9.0,10.0,8.0
17794777,91.0,10.0,9.0,10.0,9.0,10.0,9.0
17794868,87.0,10.0,9.0,10.0,9.0,10.0,9.0
17841504,100.0,10.0,10.0,10.0,10.0,10.0,10.0
17847179,80.0,9.0,9.0,9.0,8.0,10.0,9.0
17925808,98.0,10.0,10.0,10.0,10.0,10.0,10.0
18037180,99.0,10.0,10.0,10.0,10.0,10.0,9.0
18069283,100.0,10.0,9.0,10.0,10.0,9.0,10.0
18079104,100.0,10.0,10.0,9.0,9.0,9.0,9.0
18120600,100.0,10.0,10.0,10.0,10.0,10.0,9.0
18123274,91.0,9.0,9.0,10.0,9.0,10.0,9.0
18139592,100.0,10.0,10.0,10.0,10.0,10.0,10.0
18199221,99.0,10.0,10.0,10.0,10.0,10.0,9.0
18231981,97.0,10.0,9.0,10.0,10.0,10.0,9.0
18274764,90.0,9.0,9.0,10.0,10.0,10.0,9.0
18329172,94.0,10.0,10.0,10.0,10.0,9.0,9.0
18343676,90.0,10.0,9.0,10.0,10.0,10.0,8.0
18349074,91.0,10.0,8.0,9.0,9.0,10.0,9.0
18359884,100.0,10.0,10.0,10.0,10.0,10.0,10.0
18449966,97.0,10.0,10.0,10.0,10.0,10.0,10.0
18450289,100.0,10.0,9.0,10.0,10.0,10.0,9.0
18459919,100.0,10.0,10.0,10.0,10.0,10.0,10.0
18473036,95.0,10.0,10.0,10.0,10.0,10.0,9.0
18475014,100.0,10.0,10.0,10.0,10.0,10.0,10.0
18492236,90.0,9.0,8.0,10.0,10.0,10.0,10.0
18504951,99.0,10.0,10.0,10.0,10.0,10.0,9.0
18507951,99.0,10.0,10.0,10.0,10.0,9.0,10.0
18527258,92.0,9.0,9.0,9.0,9.0,8.0,9.0
18529703,99.0,10.0,9.0,10.0,10.0,10.0,9.0
18545465,100.0,10.0,10.0,10.0,10.0,10.0,10.0
18549735,100.0,10.0,10.0,10.0,10.0,10.0,10.0
18550910,99.0,10.0,10.0,10.0,10.0,10.0,10.0
18582383,95.0,10.0,10.0,10.0,10.0,10.0,9.0
18639196,98.0,10.0,10.0,10.0,10.0,10.0,10.0
18672833,98.0,10.0,9.0,10.0,10.0,10.0,10.0
18675661,99.0,10.0,10.0,10.0,10.0,10.0,10.0
18705743,96.0,10.0,10.0,10.0,10.0,10.0,9.0
18718406,100.0,9.0,10.0,10.0,10.0,10.0,9.0
18732664,94.0,9.0,10.0,9.0,10.0,10.0,9.0
18737830,98.0,10.0,10.0,10.0,10.0,10.0,9.0
18739271,98.0,10.0,10.0,10.0,10.0,9.0,10.0
18753198,100.0,10.0,10.0,10.0,10.0,10.0,9.0
18773719,80.0,8.0,8.0,8.0,8.0,10.0,8.0
18775188,99.0,10.0,10.0,10.0,10.0,10.0,10.0
18777731,92.0,10.0,10.0,9.0,10.0,9.0,9.0
18778187,84.0,9.0,8.0,10.0,10.0,8.0,8.0
18809842,98.0,10.0,10.0,10.0,10.0,10.0,10.0
18838484,94.0,9.0,9.0,10.0,10.0,10.0,9.0
18853563,100.0,10.0,10.0,10.0,10.0,10.0,9.0
18856637,93.0,10.0,9.0,10.0,10.0,9.0,9.0
18873809,99.0,10.0,10.0,10.0,10.0,10.0,10.0
18878564,100.0,10.0,10.0,10.0,10.0,10.0,10.0
18893442,97.0,10.0,10.0,10.0,10.0,10.0,9.0
19014320,95.0,10.0,10.0,10.0,10.0,10.0,10.0
19014669,98.0,10.0,10.0,10.0,10.0,10.0,9.0
19020541,98.0,10.0,10.0,10.0,10.0,9.0,9.0
19038261,70.0,8.0,8.0,8.0,8.0,9.0,8.0
19039703,93.0,10.0,10.0,10.0,10.0,10.0,9.0
19119633,100.0,10.0,10.0,10.0,10.0,10.0,8.0
19150623,94.0,10.0,9.0,10.0,9.0,10.0,9.0
19228919,97.0,9.0,10.0,10.0,10.0,10.0,10.0
19265072,98.0,10.0,10.0,10.0,10.0,10.0,10.0
19328446,99.0,10.0,10.0,10.0,10.0,10.0,10.0
19331975,100.0,10.0,10.0,10.0,10.0,9.0,10.0
19348868,100.0,10.0,10.0,10.0,10.0,9.0,10.0
19363609,98.0,10.0,10.0,10.0,10.0,9.0,10.0
19404978,99.0,10.0,10.0,10.0,10.0,10.0,10.0
19412179,99.0,10.0,10.0,10.0,10.0,10.0,10.0
19416317,98.0,10.0,10.0,10.0,10.0,10.0,10.0
19416382,100.0,10.0,10.0,10.0,10.0,10.0,10.0
19417708,92.0,10.0,10.0,10.0,10.0,10.0,9.0
19419133,100.0,10.0,10.0,10.0,10.0,10.0,10.0
19437156,97.0,10.0,10.0,10.0,10.0,10.0,9.0
19475051,100.0,10.0,10.0,10.0,9.0,10.0,10.0
19476963,92.0,9.0,10.0,10.0,10.0,9.0,9.0
19499099,99.0,10.0,10.0,10.0,10.0,10.0,9.0
19564659,98.0,10.0,10.0,10.0,10.0,10.0,9.0
19570849,98.0,10.0,10.0,10.0,10.0,10.0,9.0
19611889,60.0,7.0,6.0,10.0,8.0,10.0,7.0
19612051,100.0,10.0,10.0,10.0,10.0,10.0,9.0
19658833,95.0,10.0,10.0,10.0,10.0,10.0,9.0
19659835,100.0,10.0,10.0,10.0,10.0,10.0,10.0
19714276,90.0,10.0,9.0,10.0,10.0,10.0,9.0
19721174,100.0,10.0,10.0,10.0,10.0,10.0,9.0
19764548,87.0,9.0,9.0,9.0,7.0,9.0,7.0
19824550,95.0,10.0,10.0,10.0,10.0,9.0,10.0
19827923,96.0,10.0,10.0,10.0,10.0,9.0,9.0
19829202,75.0,10.0,10.0,9.0,10.0,6.0,8.0
19849615,88.0,9.0,8.0,10.0,9.0,10.0,10.0
19872447,94.0,10.0,9.0,10.0,9.0,9.0,9.0
19904931,80.0,9.0,7.0,9.0,9.0,10.0,9.0
19924936,100.0,10.0,10.0,10.0,10.0,10.0,10.0
19934941,100.0,10.0,10.0,10.0,10.0,10.0,10.0
19950230,98.0,10.0,10.0,10.0,10.0,10.0,9.0
19979690,98.0,10.0,9.0,10.0,10.0,10.0,9.0
20002459,100.0,10.0,10.0,10.0,10.0,10.0,10.0
20002651,93.0,9.0,7.0,10.0,10.0,10.0,9.0
20072374,70.0,10.0,10.0,10.0,10.0,7.0,10.0
20121980,87.0,8.0,8.0,10.0,9.0,10.0,9.0
20194233,100.0,10.0,10.0,10.0,10.0,10.0,10.0
20195883,99.0,10.0,10.0,10.0,10.0,10.0,9.0
20214438,72.0,8.0,8.0,8.0,8.0,9.0,8.0
20217846,98.0,10.0,10.0,10.0,10.0,10.0,10.0
20230882,100.0,10.0,10.0,10.0,10.0,10.0,10.0
20257125,98.0,10.0,10.0,10.0,10.0,10.0,9.0
20267540,99.0,10.0,10.0,10.0,10.0,10.0,9.0
20286823,100.0,10.0,10.0,10.0,10.0,10.0,10.0
20286868,92.0,10.0,10.0,10.0,10.0,9.0,9.0
20364980,94.0,10.0,10.0,10.0,10.0,8.0,10.0
20367610,99.0,10.0,10.0,10.0,10.0,9.0,10.0
20367796,98.0,10.0,10.0,10.0,10.0,10.0,10.0
20386464,98.0,10.0,10.0,10.0,10.0,10.0,9.0
20393341,98.0,10.0,10.0,10.0,10.0,10.0,9.0
20397022,95.0,10.0,10.0,10.0,10.0,10.0,9.0
20399118,98.0,10.0,10.0,10.0,10.0,10.0,10.0
20408154,96.0,10.0,10.0,10.0,10.0,9.0,9.0
20408951,100.0,10.0,10.0,10.0,10.0,10.0,10.0
20439767,93.0,10.0,9.0,10.0,10.0,9.0,9.0
20497174,99.0,10.0,10.0,10.0,10.0,10.0,9.0
20500854,100.0,10.0,10.0,10.0,10.0,10.0,10.0
20501065,97.0,10.0,10.0,10.0,10.0,10.0,10.0
20501268,100.0,10.0,10.0,10.0,10.0,10.0,10.0
20522974,87.0,9.0,9.0,10.0,9.0,7.0,7.0
20563658,95.0,10.0,9.0,10.0,10.0,10.0,10.0
20620600,100.0,10.0,10.0,10.0,10.0,10.0,9.0
20641131,99.0,10.0,10.0,10.0,10.0,10.0,10.0
20652741,91.0,10.0,10.0,10.0,9.0,8.0,9.0
20663782,98.0,10.0,10.0,10.0,9.0,10.0,9.0
20720492,98.0,10.0,10.0,10.0,10.0,9.0,10.0
20744996,93.0,10.0,8.0,10.0,9.0,10.0,9.0
20745195,100.0,10.0,10.0,10.0,10.0,10.0,10.0
20750111,96.0,10.0,9.0,10.0,10.0,10.0,10.0
20765941,96.0,10.0,10.0,10.0,10.0,10.0,9.0
20805606,94.0,10.0,10.0,10.0,10.0,10.0,9.0
20847212,100.0,10.0,10.0,10.0,10.0,10.0,9.0
20852099,92.0,10.0,10.0,10.0,10.0,9.0,10.0
20899777,100.0,10.0,10.0,10.0,10.0,9.0,10.0
20905918,100.0,10.0,10.0,10.0,10.0,10.0,9.0
20919351,100.0,10.0,9.0,9.0,10.0,10.0,9.0
20933318,99.0,10.0,10.0,10.0,10.0,10.0,10.0
20979534,99.0,10.0,10.0,10.0,10.0,10.0,10.0
20990167,60.0,10.0,4.0,10.0,8.0,10.0,6.0
21000319,98.0,10.0,10.0,10.0,10.0,10.0,10.0
21026079,93.0,10.0,8.0,10.0,10.0,10.0,9.0
21028058,100.0,10.0,10.0,10.0,10.0,10.0,10.0
21028485,80.0,8.0,8.0,9.0,8.0,8.0,6.0
21058406,96.0,10.0,10.0,10.0,10.0,10.0,10.0
21070256,96.0,10.0,10.0,10.0,10.0,10.0,10.0
21079469,100.0,10.0,10.0,10.0,10.0,10.0,9.0
21099478,96.0,10.0,10.0,10.0,10.0,10.0,9.0
21161939,100.0,9.0,10.0,10.0,10.0,9.0,9.0
21165478,100.0,10.0,10.0,10.0,10.0,10.0,10.0
21185602,100.0,10.0,10.0,10.0,10.0,10.0,10.0
21186680,98.0,10.0,10.0,10.0,10.0,10.0,9.0
21187925,99.0,10.0,10.0,10.0,10.0,9.0,10.0
21203146,98.0,10.0,10.0,10.0,10.0,10.0,9.0
21204243,93.0,9.0,9.0,10.0,9.0,10.0,9.0
21220773,95.0,10.0,9.0,10.0,10.0,10.0,10.0
21231393,80.0,10.0,8.0,10.0,10.0,4.0,8.0
21231615,98.0,10.0,10.0,10.0,10.0,9.0,9.0
21233544,99.0,10.0,10.0,10.0,10.0,10.0,10.0
21252479,97.0,10.0,9.0,10.0,10.0,10.0,9.0
21281754,99.0,10.0,10.0,10.0,10.0,10.0,10.0
21282635,96.0,10.0,10.0,10.0,10.0,9.0,10.0
21292744,100.0,10.0,10.0,10.0,10.0,10.0,10.0
21295261,99.0,10.0,10.0,10.0,10.0,10.0,10.0
21297037,100.0,10.0,10.0,10.0,10.0,10.0,10.0
21306276,100.0,10.0,10.0,10.0,10.0,10.0,10.0
21309142,97.0,10.0,9.0,10.0,10.0,10.0,10.0
21322334,98.0,10.0,10.0,10.0,10.0,9.0,10.0
21327908,99.0,10.0,10.0,10.0,10.0,10.0,10.0
21348008,100.0,9.0,10.0,10.0,10.0,10.0,9.0
21370662,97.0,10.0,10.0,10.0,10.0,10.0,9.0
21377089,100.0,10.0,10.0,10.0,10.0,10.0,10.0
21380403,96.0,10.0,10.0,10.0,10.0,10.0,9.0
21449226,92.0,9.0,8.0,10.0,9.0,10.0,9.0
21478651,98.0,10.0,10.0,10.0,10.0,10.0,9.0
21485825,100.0,10.0,10.0,10.0,10.0,9.0,9.0
21486593,93.0,9.0,9.0,10.0,10.0,9.0,9.0
21539315,97.0,10.0,10.0,10.0,10.0,10.0,9.0
21552181,100.0,10.0,10.0,10.0,10.0,10.0,10.0
21555212,94.0,10.0,9.0,10.0,10.0,10.0,10.0
21558062,97.0,10.0,10.0,10.0,10.0,10.0,10.0
21583195,95.0,10.0,10.0,10.0,10.0,10.0,9.0
21588941,98.0,10.0,10.0,10.0,10.0,10.0,10.0
21612906,98.0,10.0,10.0,10.0,10.0,10.0,10.0
21619241,97.0,9.0,10.0,9.0,10.0,10.0,9.0
21623317,80.0,7.0,8.0,10.0,9.0,8.0,7.0
21629749,100.0,10.0,10.0,10.0,10.0,10.0,10.0
21634930,96.0,10.0,10.0,10.0,10.0,10.0,9.0
21636740,97.0,10.0,10.0,10.0,10.0,9.0,10.0
21645603,97.0,10.0,10.0,10.0,10.0,10.0,9.0
21648122,98.0,10.0,9.0,10.0,10.0,10.0,9.0
21648377,98.0,10.0,10.0,10.0,10.0,9.0,10.0
21648684,75.0,10.0,10.0,10.0,6.0,9.0,9.0
21648804,100.0,10.0,10.0,10.0,10.0,10.0,10.0
21650740,98.0,10.0,10.0,10.0,10.0,10.0,9.0
21674820,95.0,10.0,10.0,10.0,10.0,10.0,9.0
21679018,98.0,10.0,10.0,10.0,10.0,9.0,9.0
21681278,99.0,10.0,10.0,10.0,10.0,10.0,10.0
21682128,80.0,10.0,10.0,10.0,10.0,10.0,10.0
21699731,92.0,9.0,9.0,10.0,10.0,10.0,9.0
21730409,91.0,9.0,8.0,9.0,9.0,9.0,9.0
21730649,92.0,10.0,9.0,10.0,10.0,9.0,9.0
21739662,80.0,9.0,9.0,9.0,9.0,7.0,8.0
21739935,100.0,10.0,10.0,10.0,10.0,9.0,10.0
21745759,98.0,10.0,10.0,10.0,10.0,10.0,10.0
21784407,70.0,7.0,7.0,10.0,10.0,10.0,7.0
21785328,91.0,10.0,9.0,10.0,10.0,9.0,9.0
21786546,100.0,10.0,10.0,10.0,10.0,10.0,10.0
21798246,80.0,10.0,10.0,10.0,10.0,10.0,10.0
21799941,100.0,10.0,10.0,10.0,10.0,10.0,10.0
21812815,93.0,10.0,9.0,10.0,10.0,10.0,9.0
21836601,94.0,10.0,10.0,10.0,10.0,10.0,9.0
21862244,95.0,10.0,9.0,10.0,9.0,9.0,10.0
21866860,100.0,10.0,10.0,10.0,10.0,10.0,10.0
21880724,95.0,9.0,10.0,10.0,10.0,9.0,9.0
21909816,100.0,10.0,10.0,10.0,10.0,10.0,10.0
21911065,100.0,10.0,10.0,10.0,10.0,10.0,10.0
21923195,98.0,10.0,10.0,10.0,10.0,10.0,9.0
21981639,80.0,10.0,10.0,10.0,10.0,10.0,10.0
21999656,95.0,10.0,9.0,10.0,10.0,10.0,9.0
22001836,70.0,8.0,10.0,10.0,7.0,10.0,8.0
22003066,98.0,10.0,10.0,10.0,10.0,9.0,9.0
22015376,100.0,10.0,10.0,10.0,10.0,10.0,10.0
22080836,83.0,9.0,9.0,10.0,9.0,9.0,7.0
22178186,100.0,10.0,10.0,10.0,10.0,10.0,10.0
22189205,100.0,10.0,9.0,10.0,10.0,10.0,9.0
22191252,100.0,10.0,10.0,10.0,10.0,10.0,10.0
22191539,100.0,10.0,10.0,10.0,10.0,10.0,10.0
22193833,100.0,10.0,10.0,10.0,10.0,10.0,10.0
22208187,99.0,10.0,10.0,10.0,10.0,10.0,10.0
22229654,98.0,10.0,10.0,10.0,10.0,10.0,9.0
22268114,97.0,9.0,9.0,10.0,10.0,9.0,10.0
22277766,92.0,10.0,10.0,10.0,9.0,8.0,9.0
22306054,100.0,10.0,10.0,10.0,10.0,10.0,10.0
22325200,95.0,10.0,9.0,10.0,10.0,10.0,10.0
22328157,99.0,10.0,10.0,10.0,10.0,10.0,9.0
22340219,99.0,10.0,10.0,10.0,10.0,10.0,10.0
22355943,80.0,10.0,7.0,9.0,9.0,10.0,9.0
22388131,100.0,10.0,10.0,10.0,10.0,9.0,10.0
22403752,95.0,10.0,10.0,10.0,10.0,10.0,10.0
22410401,60.0,8.0,8.0,10.0,10.0,8.0,8.0
22430481,96.0,10.0,10.0,10.0,10.0,9.0,9.0
22481565,60.0,10.0,6.0,10.0,6.0,10.0,8.0
22495406,99.0,10.0,10.0,10.0,10.0,10.0,10.0
22512581,98.0,10.0,10.0,10.0,10.0,10.0,10.0
22546291,100.0,10.0,10.0,10.0,10.0,10.0,10.0
22565800,100.0,6.0,8.0,10.0,10.0,10.0,10.0
22577863,88.0,8.0,9.0,9.0,9.0,9.0,8.0
22584903,95.0,10.0,10.0,10.0,10.0,9.0,9.0
22597536,100.0,10.0,10.0,10.0,8.0,8.0,8.0
22626810,100.0,9.0,9.0,8.0,8.0,8.0,9.0
22636987,100.0,10.0,10.0,10.0,10.0,10.0,10.0
22655239,93.0,10.0,8.0,10.0,9.0,10.0,8.0
22656065,70.0,8.0,9.0,10.0,7.0,5.0,6.0
22671524,100.0,10.0,10.0,10.0,10.0,10.0,9.0
22690547,97.0,10.0,10.0,10.0,10.0,10.0,10.0
22693162,91.0,9.0,10.0,10.0,10.0,8.0,9.0
22693303,94.0,10.0,10.0,10.0,10.0,8.0,10.0
22693396,91.0,10.0,10.0,10.0,10.0,9.0,9.0
22704895,80.0,8.0,8.0,9.0,9.0,7.0,8.0
22737945,87.0,9.0,8.0,9.0,9.0,10.0,9.0
22764131,100.0,10.0,10.0,10.0,10.0,10.0,10.0
22795431,100.0,10.0,10.0,10.0,10.0,10.0,10.0
22800066,100.0,10.0,10.0,10.0,10.0,10.0,10.0
22812395,99.0,10.0,10.0,10.0,10.0,10.0,10.0
22827448,99.0,10.0,10.0,10.0,10.0,10.0,10.0
22886185,100.0,10.0,10.0,10.0,10.0,10.0,9.0
22908548,100.0,10.0,10.0,10.0,10.0,10.0,10.0
22944965,93.0,10.0,9.0,10.0,9.0,10.0,10.0
22968438,97.0,10.0,10.0,10.0,10.0,9.0,10.0
22980508,100.0,10.0,10.0,10.0,10.0,10.0,10.0
22981152,100.0,10.0,10.0,10.0,10.0,10.0,10.0
22986895,98.0,10.0,10.0,10.0,10.0,9.0,10.0
23004482,90.0,9.0,9.0,9.0,9.0,9.0,8.0
23022998,80.0,10.0,10.0,10.0,10.0,10.0,8.0
23073700,80.0,9.0,10.0,9.0,9.0,10.0,6.0
23095049,97.0,10.0,10.0,10.0,10.0,10.0,9.0
23147212,97.0,10.0,10.0,10.0,10.0,10.0,9.0
23147806,99.0,10.0,9.0,10.0,10.0,10.0,9.0
23165203,100.0,10.0,10.0,10.0,10.0,10.0,10.0
23205030,95.0,9.0,9.0,10.0,10.0,10.0,9.0
23223838,99.0,10.0,10.0,10.0,10.0,9.0,10.0
23235919,100.0,10.0,10.0,10.0,10.0,10.0,10.0
23255383,95.0,10.0,9.0,10.0,10.0,10.0,9.0
23271772,76.0,8.0,8.0,10.0,8.0,10.0,10.0
23271975,87.0,9.0,10.0,10.0,10.0,10.0,9.0
23288262,93.0,10.0,10.0,9.0,9.0,10.0,10.0
23292919,90.0,9.0,7.0,9.0,10.0,10.0,10.0
23293057,90.0,9.0,9.0,10.0,9.0,10.0,9.0
23293099,85.0,10.0,9.0,10.0,10.0,10.0,10.0
23293773,90.0,8.0,8.0,9.0,8.0,10.0,9.0
23312525,86.0,9.0,9.0,10.0,9.0,10.0,9.0
23312644,85.0,9.0,9.0,10.0,10.0,10.0,9.0
23312910,80.0,9.0,10.0,10.0,9.0,10.0,9.0
23313045,78.0,8.0,8.0,10.0,9.0,10.0,8.0
23326108,60.0,6.0,8.0,8.0,6.0,4.0,6.0
23326739,90.0,10.0,10.0,10.0,10.0,7.0,9.0
23343999,100.0,10.0,10.0,10.0,10.0,10.0,10.0
23352511,97.0,10.0,9.0,10.0,10.0,10.0,10.0
23353721,97.0,10.0,9.0,10.0,10.0,10.0,9.0
23354077,99.0,10.0,10.0,10.0,10.0,10.0,10.0
23419962,100.0,10.0,10.0,10.0,10.0,10.0,10.0
23431731,100.0,10.0,10.0,10.0,10.0,10.0,10.0
23437582,100.0,10.0,10.0,10.0,10.0,10.0,10.0
23453808,94.0,10.0,10.0,10.0,10.0,10.0,10.0
23479779,96.0,10.0,10.0,10.0,10.0,10.0,9.0
23504233,94.0,9.0,9.0,10.0,9.0,9.0,9.0
23522824,96.0,10.0,10.0,10.0,10.0,9.0,9.0
23545253,100.0,10.0,8.0,10.0,10.0,10.0,8.0
23551086,82.0,9.0,9.0,10.0,9.0,10.0,9.0
23567834,99.0,10.0,10.0,10.0,10.0,10.0,10.0
23581750,100.0,10.0,10.0,10.0,10.0,10.0,10.0
23611950,80.0,8.0,8.0,10.0,10.0,10.0,8.0
23630055,85.0,10.0,9.0,10.0,8.0,10.0,10.0
23634564,100.0,10.0,10.0,10.0,10.0,10.0,10.0
23634727,70.0,9.0,7.0,9.0,6.0,10.0,7.0
23684260,100.0,10.0,10.0,10.0,10.0,10.0,9.0
23705765,90.0,9.0,9.0,9.0,10.0,9.0,8.0
23709477,96.0,10.0,10.0,10.0,10.0,10.0,9.0
23749660,100.0,8.0,9.0,9.0,9.0,9.0,9.0
23751274,98.0,10.0,10.0,10.0,10.0,10.0,9.0
23753462,98.0,10.0,10.0,10.0,10.0,10.0,9.0
23773339,100.0,10.0,10.0,10.0,10.0,9.0,9.0
23882274,100.0,10.0,10.0,10.0,10.0,10.0,10.0
23900160,90.0,10.0,10.0,10.0,10.0,10.0,9.0
23922318,100.0,10.0,10.0,10.0,10.0,10.0,10.0
23924946,100.0,10.0,10.0,10.0,10.0,10.0,10.0
23960897,100.0,10.0,10.0,10.0,10.0,10.0,10.0
23963479,60.0,8.0,8.0,8.0,7.0,6.0,7.0
23973946,99.0,10.0,10.0,10.0,10.0,10.0,10.0
24000329,100.0,10.0,10.0,10.0,10.0,10.0,10.0
24000340,90.0,10.0,8.0,10.0,10.0,9.0,9.0
24041601,96.0,10.0,9.0,10.0,10.0,10.0,9.0
24043927,100.0,10.0,10.0,9.0,10.0,10.0,10.0
24080862,100.0,8.0,8.0,10.0,10.0,10.0,6.0
24177590,96.0,10.0,10.0,10.0,10.0,10.0,10.0
24233539,95.0,10.0,7.0,10.0,10.0,10.0,10.0
24285778,97.0,10.0,10.0,10.0,10.0,10.0,9.0
24304138,80.0,8.0,7.0,8.0,9.0,9.0,8.0
24309390,99.0,10.0,10.0,10.0,10.0,10.0,10.0
24352586,98.0,10.0,10.0,10.0,9.0,10.0,9.0
24353415,100.0,10.0,10.0,10.0,10.0,10.0,10.0
24353515,100.0,10.0,10.0,10.0,10.0,10.0,10.0
24354551,100.0,10.0,10.0,9.0,9.0,10.0,10.0
24354841,100.0,10.0,10.0,10.0,10.0,10.0,10.0
24355327,100.0,10.0,8.0,10.0,10.0,10.0,10.0
24361125,98.0,10.0,10.0,10.0,10.0,10.0,9.0
24375697,97.0,10.0,10.0,10.0,10.0,10.0,10.0
24376665,94.0,10.0,9.0,10.0,10.0,10.0,9.0
24379811,98.0,10.0,10.0,10.0,10.0,10.0,10.0
24390111,100.0,9.0,10.0,9.0,10.0,10.0,10.0
24427167,99.0,10.0,10.0,10.0,10.0,9.0,10.0
24429125,80.0,10.0,10.0,10.0,10.0,10.0,10.0
24449972,97.0,10.0,10.0,10.0,9.0,10.0,9.0
24474059,94.0,10.0,9.0,10.0,10.0,10.0,9.0
24475148,80.0,10.0,10.0,10.0,10.0,4.0,8.0
24499755,98.0,10.0,10.0,10.0,10.0,10.0,9.0
24539004,98.0,9.0,9.0,9.0,10.0,10.0,10.0
24600600,97.0,10.0,9.0,10.0,10.0,10.0,9.0
24604001,93.0,10.0,9.0,10.0,10.0,7.0,9.0
24650875,98.0,10.0,10.0,10.0,10.0,10.0,10.0
24651682,100.0,10.0,10.0,10.0,10.0,10.0,9.0
24698383,87.0,10.0,10.0,10.0,10.0,8.0,10.0
24722081,100.0,10.0,10.0,10.0,10.0,10.0,10.0
24777563,87.0,9.0,8.0,9.0,9.0,9.0,8.0
24805491,99.0,10.0,9.0,10.0,10.0,10.0,9.0
24828324,100.0,10.0,10.0,10.0,10.0,10.0,9.0
24853005,100.0,10.0,10.0,10.0,10.0,10.0,9.0
24917420,100.0,10.0,10.0,10.0,10.0,10.0,9.0
24964591,100.0,10.0,10.0,10.0,10.0,10.0,10.0
24967604,99.0,10.0,10.0,10.0,10.0,10.0,10.0
24992845,20.0,8.0,10.0,2.0,10.0,2.0,2.0
24994118,40.0,4.0,10.0,4.0,4.0,10.0,4.0
25034848,80.0,10.0,8.0,8.0,10.0,4.0,10.0
25054741,100.0,10.0,10.0,10.0,10.0,10.0,9.0
25058405,99.0,10.0,10.0,10.0,10.0,10.0,10.0
25058782,96.0,10.0,10.0,10.0,10.0,9.0,9.0
25098756,80.0,8.0,10.0,7.0,8.0,9.0,9.0
25107798,100.0,9.0,9.0,10.0,10.0,10.0,10.0
25109963,87.0,9.0,9.0,9.0,9.0,10.0,8.0
25167424,100.0,10.0,9.0,9.0,9.0,10.0,9.0
25189704,60.0,7.0,6.0,10.0,8.0,9.0,5.0
25213152,97.0,10.0,10.0,10.0,10.0,10.0,10.0
25229521,93.0,10.0,10.0,10.0,10.0,10.0,9.0
25234139,100.0,10.0,10.0,10.0,10.0,10.0,10.0
25291283,96.0,10.0,10.0,10.0,10.0,10.0,10.0
25323663,60.0,7.0,10.0,10.0,10.0,5.0,7.0
25355921,100.0,6.0,10.0,10.0,10.0,10.0,8.0
25356099,98.0,10.0,10.0,10.0,10.0,10.0,10.0
25380342,100.0,10.0,10.0,10.0,10.0,10.0,9.0
25405200,90.0,9.0,7.0,10.0,10.0,10.0,9.0
25419563,99.0,10.0,10.0,10.0,10.0,10.0,10.0
25485559,84.0,9.0,9.0,9.0,9.0,8.0,8.0
25516349,95.0,10.0,10.0,10.0,10.0,10.0,10.0
25547908,89.0,9.0,9.0,10.0,9.0,9.0,9.0
25621756,98.0,10.0,10.0,10.0,10.0,10.0,9.0
25634749,85.0,9.0,9.0,10.0,10.0,10.0,9.0
25730240,96.0,10.0,10.0,10.0,10.0,10.0,10.0
25786409,100.0,10.0,10.0,10.0,10.0,10.0,10.0
25842694,94.0,10.0,10.0,10.0,9.0,9.0,9.0
25845975,98.0,10.0,10.0,10.0,10.0,10.0,10.0
25866933,91.0,10.0,9.0,9.0,10.0,10.0,9.0
25869469,87.0,9.0,10.0,10.0,9.0,9.0,9.0
25870802,99.0,10.0,10.0,10.0,10.0,10.0,10.0
25892426,100.0,10.0,10.0,10.0,10.0,10.0,9.0
25921225,96.0,10.0,10.0,10.0,10.0,10.0,10.0
25948779,100.0,10.0,10.0,10.0,10.0,10.0,10.0
25976748,95.0,10.0,10.0,10.0,10.0,10.0,9.0
26008354,97.0,9.0,10.0,10.0,10.0,10.0,9.0
26027570,100.0,10.0,10.0,10.0,8.0,8.0,8.0
26029679,100.0,10.0,10.0,10.0,10.0,10.0,9.0
26032403,80.0,10.0,9.0,6.0,7.0,10.0,8.0
26033791,100.0,10.0,10.0,10.0,10.0,10.0,10.0
26040040,100.0,10.0,10.0,10.0,10.0,10.0,10.0
26043158,98.0,10.0,10.0,10.0,10.0,10.0,9.0
26084506,97.0,10.0,10.0,10.0,10.0,9.0,9.0
26221884,90.0,7.0,9.0,10.0,10.0,10.0,9.0
26257133,93.0,9.0,10.0,10.0,10.0,10.0,9.0
26261610,98.0,10.0,10.0,10.0,10.0,10.0,10.0
26274652,100.0,10.0,10.0,10.0,10.0,10.0,10.0
26278417,95.0,9.0,10.0,10.0,10.0,9.0,9.0
26281528,100.0,10.0,9.0,10.0,10.0,10.0,10.0
26322467,100.0,10.0,10.0,10.0,10.0,10.0,10.0
26329118,94.0,10.0,10.0,10.0,10.0,10.0,9.0
26334949,100.0,10.0,10.0,10.0,8.0,10.0,10.0
26339019,80.0,9.0,9.0,10.0,9.0,8.0,9.0
26339979,98.0,10.0,10.0,10.0,10.0,10.0,9.0
26396972,98.0,10.0,10.0,10.0,10.0,10.0,9.0
26418067,100.0,10.0,9.0,10.0,10.0,10.0,10.0
26429151,93.0,10.0,10.0,10.0,10.0,10.0,9.0
26429308,93.0,10.0,9.0,10.0,10.0,10.0,9.0
26522687,100.0,10.0,10.0,10.0,10.0,10.0,10.0
26565582,97.0,10.0,10.0,10.0,10.0,10.0,9.0
26568647,100.0,10.0,8.0,10.0,10.0,10.0,10.0
26624972,89.0,9.0,6.0,10.0,10.0,10.0,9.0
26632713,96.0,10.0,10.0,10.0,10.0,10.0,9.0
26634910,93.0,10.0,9.0,9.0,9.0,10.0,9.0
26666094,70.0,8.0,6.0,6.0,9.0,10.0,8.0
26718645,99.0,10.0,10.0,10.0,10.0,9.0,10.0
26832092,97.0,10.0,10.0,10.0,10.0,10.0,9.0
26921699,97.0,10.0,10.0,10.0,10.0,10.0,9.0
26945594,100.0,10.0,10.0,10.0,10.0,10.0,10.0
27033826,92.0,9.0,8.0,10.0,10.0,10.0,9.0
27065879,96.0,10.0,9.0,10.0,10.0,10.0,9.0
27082654,95.0,10.0,10.0,10.0,10.0,10.0,10.0
27107866,100.0,10.0,10.0,10.0,10.0,10.0,10.0
27111574,100.0,10.0,10.0,10.0,10.0,10.0,10.0
27161084,97.0,10.0,10.0,10.0,10.0,10.0,10.0
27196500,100.0,10.0,10.0,10.0,10.0,10.0,10.0
27206374,100.0,10.0,10.0,10.0,10.0,10.0,9.0
27230555,98.0,10.0,10.0,10.0,10.0,9.0,9.0
27263130,100.0,10.0,10.0,10.0,10.0,10.0,8.0
27263151,100.0,10.0,10.0,10.0,10.0,9.0,10.0
27263329,90.0,10.0,9.0,10.0,10.0,8.0,9.0
27310099,100.0,10.0,10.0,10.0,10.0,10.0,9.0
27336562,100.0,10.0,10.0,10.0,10.0,10.0,10.0
27381476,96.0,9.0,9.0,10.0,10.0,10.0,9.0
27458484,96.0,10.0,9.0,10.0,9.0,10.0,10.0
27462045,98.0,10.0,10.0,10.0,10.0,10.0,9.0
27508842,100.0,10.0,10.0,10.0,10.0,10.0,10.0
27529992,98.0,10.0,10.0,10.0,10.0,10.0,9.0
27545197,100.0,10.0,8.0,10.0,8.0,10.0,10.0
27550839,100.0,10.0,10.0,10.0,10.0,10.0,9.0
27556995,95.0,10.0,10.0,10.0,10.0,10.0,10.0
27580180,98.0,10.0,9.0,10.0,10.0,10.0,10.0
27584638,98.0,10.0,9.0,10.0,10.0,10.0,9.0
27610705,94.0,10.0,10.0,10.0,9.0,10.0,9.0
27611813,97.0,10.0,10.0,10.0,10.0,10.0,10.0
27665176,97.0,10.0,9.0,10.0,10.0,10.0,9.0
27699365,95.0,10.0,10.0,10.0,10.0,10.0,9.0
27699796,95.0,10.0,10.0,10.0,10.0,10.0,9.0
27706376,100.0,10.0,10.0,10.0,10.0,10.0,10.0
27707954,95.0,10.0,10.0,10.0,10.0,10.0,9.0
27710210,97.0,10.0,9.0,10.0,10.0,10.0,10.0
27727846,93.0,10.0,10.0,10.0,10.0,9.0,9.0
27759254,100.0,10.0,10.0,10.0,10.0,10.0,10.0
27808088,96.0,10.0,10.0,10.0,10.0,10.0,10.0
27808710,90.0,9.0,10.0,8.0,10.0,10.0,8.0
27832283,95.0,10.0,9.0,9.0,9.0,9.0,9.0
27852325,100.0,10.0,10.0,10.0,10.0,10.0,10.0
27855141,100.0,10.0,10.0,10.0,10.0,10.0,10.0
27857184,99.0,10.0,10.0,10.0,10.0,10.0,10.0
27866104,70.0,7.0,7.0,10.0,8.0,10.0,8.0
27870072,98.0,10.0,10.0,10.0,10.0,10.0,10.0
27899334,100.0,10.0,10.0,10.0,9.0,8.0,8.0
27905010,99.0,10.0,10.0,10.0,10.0,10.0,10.0
27938375,92.0,10.0,10.0,9.0,9.0,10.0,9.0
28027982,75.0,9.0,8.0,10.0,8.0,9.0,7.0
28028464,99.0,10.0,9.0,10.0,10.0,10.0,10.0
28053384,100.0,10.0,10.0,10.0,10.0,10.0,10.0
28128935,98.0,10.0,10.0,10.0,10.0,10.0,10.0
28157694,100.0,10.0,10.0,10.0,10.0,10.0,10.0
28182805,99.0,10.0,10.0,10.0,10.0,10.0,9.0
28183364,90.0,10.0,10.0,9.0,9.0,10.0,8.0
28200634,99.0,10.0,10.0,10.0,10.0,10.0,10.0
28232197,100.0,10.0,10.0,10.0,10.0,9.0,10.0
28251404,100.0,10.0,10.0,10.0,10.0,10.0,10.0
28261064,96.0,10.0,10.0,10.0,10.0,9.0,9.0
28267650,100.0,10.0,10.0,10.0,10.0,10.0,6.0
28338407,99.0,10.0,10.0,10.0,10.0,10.0,10.0
28360154,100.0,10.0,10.0,10.0,10.0,10.0,10.0
28363414,96.0,10.0,10.0,10.0,10.0,9.0,9.0
28368154,100.0,10.0,10.0,10.0,10.0,10.0,10.0
28386585,96.0,10.0,9.0,10.0,10.0,10.0,9.0
28387261,97.0,10.0,10.0,10.0,10.0,10.0,10.0
28390797,100.0,10.0,10.0,10.0,10.0,10.0,10.0
28407357,100.0,10.0,10.0,10.0,10.0,10.0,10.0
28427234,100.0,10.0,10.0,10.0,10.0,10.0,8.0
28435943,100.0,10.0,10.0,10.0,10.0,10.0,10.0
28489872,99.0,10.0,10.0,10.0,10.0,10.0,9.0
28518540,99.0,10.0,10.0,10.0,10.0,10.0,9.0
28521528,100.0,10.0,10.0,10.0,10.0,9.0,10.0
28610502,87.0,9.0,9.0,10.0,10.0,9.0,9.0
28648613,97.0,10.0,10.0,10.0,10.0,9.0,10.0
28660479,99.0,10.0,10.0,10.0,10.0,10.0,9.0
28683064,100.0,10.0,10.0,10.0,10.0,10.0,10.0
28696499,99.0,10.0,10.0,10.0,10.0,10.0,10.0
28710088,100.0,10.0,10.0,10.0,10.0,10.0,10.0
28718827,100.0,10.0,10.0,9.0,9.0,7.0,10.0
28733881,72.0,10.0,6.0,9.0,10.0,10.0,7.0
28734043,100.0,10.0,10.0,10.0,10.0,10.0,10.0
28736194,100.0,10.0,10.0,10.0,10.0,10.0,9.0
28758496,95.0,10.0,9.0,10.0,10.0,10.0,10.0
28789851,100.0,10.0,10.0,10.0,10.0,10.0,10.0
28805953,100.0,10.0,10.0,10.0,10.0,10.0,10.0
28895194,83.0,9.0,9.0,8.0,9.0,10.0,9.0
28920042,98.0,10.0,10.0,10.0,10.0,10.0,10.0
28935882,98.0,10.0,10.0,10.0,10.0,9.0,10.0
28992621,96.0,10.0,9.0,10.0,10.0,10.0,9.0
29002725,91.0,10.0,9.0,10.0,10.0,9.0,9.0
29028865,98.0,10.0,10.0,10.0,10.0,10.0,9.0
29037491,87.0,10.0,10.0,10.0,10.0,10.0,9.0
29039496,100.0,10.0,10.0,10.0,10.0,10.0,10.0
29062428,93.0,10.0,10.0,10.0,10.0,9.0,9.0
29135667,98.0,10.0,9.0,10.0,10.0,10.0,10.0
29192965,95.0,10.0,9.0,10.0,10.0,9.0,9.0
29289176,98.0,10.0,10.0,10.0,10.0,10.0,9.0
29313154,91.0,9.0,9.0,9.0,9.0,10.0,9.0
29334701,100.0,10.0,10.0,10.0,10.0,10.0,10.0
29435807,100.0,10.0,10.0,10.0,10.0,9.0,9.0
29464386,100.0,10.0,10.0,10.0,10.0,10.0,8.0
29491521,100.0,10.0,10.0,10.0,10.0,10.0,9.0
29543253,98.0,10.0,10.0,10.0,10.0,10.0,9.0
29580034,90.0,10.0,9.0,10.0,9.0,9.0,10.0
29592440,100.0,10.0,10.0,8.0,8.0,10.0,10.0
29594605,98.0,10.0,10.0,10.0,10.0,10.0,10.0
29610186,93.0,10.0,9.0,10.0,10.0,10.0,9.0
29611957,100.0,10.0,10.0,10.0,10.0,9.0,8.0
29612313,100.0,10.0,10.0,10.0,10.0,10.0,10.0
29613683,98.0,10.0,10.0,10.0,10.0,10.0,10.0
29637101,100.0,10.0,10.0,10.0,10.0,10.0,10.0
29661822,98.0,10.0,10.0,10.0,10.0,10.0,10.0
29664364,100.0,10.0,10.0,10.0,10.0,10.0,10.0
29678261,98.0,10.0,10.0,10.0,10.0,10.0,8.0
29714237,100.0,10.0,10.0,10.0,10.0,10.0,10.0
29824667,97.0,10.0,10.0,10.0,10.0,10.0,9.0
29906769,98.0,10.0,10.0,10.0,10.0,10.0,10.0
29924753,98.0,10.0,10.0,10.0,10.0,10.0,9.0
29926752,100.0,10.0,10.0,10.0,10.0,10.0,10.0
29928078,99.0,10.0,10.0,10.0,10.0,10.0,10.0
29937571,99.0,10.0,10.0,10.0,10.0,10.0,10.0
29988443,99.0,10.0,10.0,10.0,10.0,10.0,10.0
30043513,96.0,10.0,9.0,10.0,10.0,10.0,10.0
30056107,100.0,10.0,10.0,10.0,10.0,9.0,9.0
30086838,100.0,10.0,10.0,10.0,10.0,10.0,10.0
30091565,96.0,10.0,10.0,10.0,10.0,10.0,10.0
30150511,100.0,10.0,10.0,10.0,10.0,10.0,10.0
30150548,80.0,10.0,8.0,10.0,10.0,10.0,8.0
30151357,100.0,10.0,10.0,10.0,10.0,10.0,10.0
30151397,100.0,10.0,10.0,10.0,10.0,9.0,10.0
30210835,99.0,10.0,10.0,10.0,10.0,10.0,9.0
30212422,86.0,9.0,7.0,9.0,8.0,10.0,8.0
30228101,99.0,10.0,10.0,10.0,10.0,10.0,10.0
30228975,99.0,10.0,10.0,10.0,10.0,10.0,10.0
30264063,95.0,10.0,10.0,10.0,10.0,10.0,9.0
30275221,100.0,10.0,10.0,10.0,10.0,10.0,10.0
30351194,99.0,10.0,10.0,10.0,10.0,10.0,10.0
30353904,85.0,10.0,8.0,10.0,10.0,10.0,9.0
30354063,100.0,10.0,9.0,10.0,10.0,10.0,9.0
30361356,100.0,10.0,10.0,10.0,10.0,10.0,10.0
30366430,80.0,10.0,8.0,10.0,2.0,8.0,4.0
30368597,100.0,10.0,10.0,10.0,4.0,10.0,8.0
30374499,97.0,10.0,9.0,10.0,10.0,10.0,10.0
30377035,90.0,10.0,10.0,10.0,9.0,10.0,8.0
30502421,99.0,10.0,10.0,10.0,10.0,10.0,10.0
30508607,100.0,10.0,10.0,10.0,10.0,10.0,10.0
30512322,96.0,10.0,10.0,10.0,10.0,10.0,9.0
30531089,100.0,10.0,10.0,10.0,10.0,10.0,10.0
30536041,100.0,10.0,10.0,10.0,10.0,10.0,10.0
30536044,20.0,4.0,2.0,10.0,2.0,8.0,2.0
30542361,100.0,10.0,10.0,10.0,10.0,9.0,10.0
30564588,95.0,10.0,9.0,10.0,10.0,10.0,10.0
30569441,87.0,10.0,9.0,10.0,10.0,9.0,8.0
30687431,97.0,10.0,10.0,10.0,10.0,10.0,10.0
30696168,96.0,9.0,10.0,10.0,10.0,9.0,10.0
30743471,100.0,10.0,9.0,10.0,10.0,10.0,10.0
30745601,97.0,10.0,10.0,10.0,10.0,10.0,9.0
30774802,98.0,10.0,10.0,10.0,10.0,9.0,9.0
30797856,92.0,10.0,10.0,10.0,10.0,10.0,9.0
30805198,93.0,9.0,9.0,9.0,9.0,10.0,9.0
30805783,96.0,9.0,9.0,10.0,10.0,10.0,9.0
30816842,99.0,10.0,10.0,10.0,10.0,10.0,10.0
30851456,100.0,8.0,10.0,8.0,8.0,8.0,8.0
30851994,98.0,10.0,10.0,10.0,10.0,10.0,10.0
30882970,99.0,10.0,10.0,10.0,10.0,10.0,10.0
30913576,100.0,10.0,10.0,10.0,10.0,10.0,10.0
30956267,100.0,10.0,10.0,10.0,10.0,10.0,10.0
30957039,100.0,10.0,10.0,10.0,10.0,10.0,10.0
31026962,92.0,10.0,9.0,10.0,9.0,10.0,9.0
31057117,99.0,10.0,10.0,10.0,10.0,10.0,10.0
31076360,100.0,9.0,10.0,10.0,10.0,10.0,10.0
31100295,99.0,10.0,10.0,10.0,10.0,10.0,10.0
31123927,98.0,10.0,10.0,10.0,10.0,10.0,10.0
31125401,96.0,10.0,10.0,10.0,10.0,9.0,10.0
31146290,97.0,10.0,9.0,10.0,10.0,10.0,10.0
31173023,99.0,10.0,10.0,10.0,10.0,10.0,10.0
31297920,96.0,10.0,10.0,10.0,10.0,10.0,9.0
31331285,100.0,10.0,10.0,10.0,10.0,10.0,10.0
31346731,100.0,10.0,10.0,10.0,10.0,8.0,10.0
31389098,100.0,10.0,10.0,10.0,10.0,10.0,10.0
31409044,100.0,10.0,10.0,10.0,10.0,10.0,10.0
31421142,100.0,10.0,10.0,10.0,10.0,10.0,10.0
31439076,98.0,10.0,10.0,10.0,10.0,9.0,10.0
31450281,99.0,10.0,10.0,10.0,10.0,10.0,9.0
31490601,99.0,10.0,10.0,10.0,10.0,10.0,9.0
31566371,100.0,10.0,10.0,10.0,10.0,10.0,10.0
31569484,82.0,9.0,8.0,10.0,9.0,9.0,8.0
31571182,92.0,10.0,9.0,10.0,10.0,10.0,9.0
31695049,97.0,10.0,10.0,10.0,10.0,10.0,9.0
31722728,99.0,10.0,10.0,10.0,10.0,10.0,10.0
31724787,20.0,4.0,2.0,8.0,2.0,8.0,2.0
31762328,98.0,10.0,10.0,10.0,10.0,10.0,10.0
31798083,93.0,10.0,9.0,10.0,10.0,9.0,9.0
31803551,99.0,10.0,10.0,10.0,10.0,10.0,10.0
31852562,100.0,10.0,10.0,10.0,10.0,10.0,9.0
31934354,93.0,9.0,10.0,10.0,10.0,10.0,9.0
31961397,100.0,10.0,10.0,10.0,10.0,10.0,10.0
31994853,99.0,10.0,10.0,10.0,10.0,10.0,10.0
31995366,98.0,10.0,10.0,10.0,10.0,10.0,10.0
32021078,98.0,10.0,10.0,10.0,10.0,10.0,10.0
32025820,99.0,10.0,10.0,10.0,10.0,9.0,10.0
32047121,100.0,8.0,6.0,8.0,10.0,10.0,8.0
32049077,93.0,10.0,10.0,10.0,10.0,9.0,9.0
32105504,100.0,10.0,10.0,10.0,10.0,10.0,10.0
32113366,99.0,10.0,10.0,10.0,10.0,10.0,10.0
32162751,96.0,10.0,10.0,10.0,10.0,9.0,9.0
32192128,99.0,10.0,9.0,10.0,10.0,10.0,10.0
32192300,98.0,10.0,10.0,10.0,10.0,10.0,10.0
32216182,99.0,10.0,10.0,10.0,10.0,10.0,10.0
32291443,98.0,10.0,10.0,10.0,10.0,10.0,10.0
32293596,100.0,10.0,10.0,10.0,10.0,10.0,9.0
32329385,99.0,10.0,10.0,10.0,10.0,10.0,9.0
32355456,100.0,10.0,10.0,10.0,10.0,10.0,10.0
32385663,87.0,8.0,9.0,9.0,9.0,10.0,8.0
32389762,99.0,10.0,10.0,10.0,10.0,10.0,10.0
32400382,100.0,10.0,10.0,10.0,10.0,10.0,10.0
32425434,100.0,8.0,8.0,10.0,10.0,10.0,8.0
32447699,80.0,10.0,4.0,10.0,10.0,10.0,8.0
32472721,100.0,10.0,10.0,10.0,10.0,10.0,10.0
32491838,100.0,10.0,10.0,10.0,10.0,10.0,10.0
32518108,98.0,10.0,10.0,10.0,10.0,10.0,9.0
32548606,98.0,10.0,10.0,10.0,10.0,10.0,10.0
32548991,92.0,9.0,10.0,10.0,9.0,10.0,9.0
32549141,94.0,10.0,10.0,10.0,10.0,10.0,9.0
32549642,93.0,10.0,10.0,10.0,10.0,10.0,9.0
32549667,91.0,9.0,10.0,9.0,10.0,10.0,9.0
32554173,100.0,10.0,10.0,10.0,10.0,10.0,10.0
32592293,98.0,10.0,10.0,10.0,10.0,10.0,10.0
32605871,93.0,10.0,9.0,10.0,10.0,10.0,9.0
32644099,100.0,10.0,10.0,10.0,10.0,10.0,10.0
32667541,97.0,10.0,10.0,10.0,10.0,10.0,10.0
32702182,91.0,9.0,10.0,10.0,10.0,10.0,9.0
32702217,100.0,10.0,10.0,10.0,10.0,10.0,10.0
32702225,100.0,10.0,10.0,10.0,10.0,10.0,10.0
32702227,90.0,9.0,9.0,9.0,9.0,10.0,9.0
32702234,83.0,9.0,10.0,10.0,10.0,10.0,9.0
32702236,20.0,2.0,2.0,2.0,2.0,4.0,2.0
32702237,93.0,9.0,10.0,10.0,10.0,10.0,9.0
32703559,89.0,7.0,9.0,10.0,10.0,10.0,8.0
32703565,50.0,5.0,5.0,8.0,6.0,10.0,4.0
32703814,80.0,8.0,9.0,9.0,9.0,9.0,9.0
32723815,100.0,10.0,10.0,10.0,10.0,10.0,10.0
32725950,99.0,10.0,10.0,10.0,10.0,10.0,10.0
32727287,92.0,10.0,10.0,10.0,10.0,9.0,9.0
32747421,96.0,10.0,9.0,10.0,10.0,10.0,10.0
32747602,91.0,9.0,10.0,10.0,10.0,10.0,9.0
32750134,88.0,9.0,10.0,9.0,9.0,9.0,8.0
32769581,100.0,10.0,8.0,10.0,10.0,10.0,10.0
32786479,100.0,10.0,10.0,10.0,10.0,10.0,10.0
32788121,100.0,10.0,10.0,10.0,10.0,10.0,10.0
32838142,80.0,10.0,8.0,10.0,10.0,10.0,8.0
32867573,84.0,8.0,10.0,10.0,9.0,9.0,9.0
32872195,96.0,10.0,10.0,10.0,10.0,10.0,9.0
32872373,94.0,10.0,10.0,10.0,10.0,10.0,10.0
32891490,100.0,10.0,10.0,10.0,10.0,10.0,10.0
32926594,97.0,10.0,10.0,10.0,10.0,10.0,9.0
32941329,100.0,10.0,10.0,10.0,10.0,10.0,10.0
32941335,98.0,10.0,10.0,10.0,10.0,10.0,10.0
32945670,90.0,10.0,10.0,7.0,10.0,10.0,9.0
32966854,99.0,10.0,10.0,10.0,10.0,10.0,10.0
32988970,80.0,8.0,10.0,8.0,10.0,10.0,8.0
33006355,100.0,10.0,10.0,10.0,10.0,10.0,10.0
33021274,100.0,10.0,10.0,8.0,10.0,10.0,10.0
33023017,100.0,10.0,10.0,10.0,10.0,9.0,10.0
33050224,100.0,10.0,10.0,10.0,10.0,10.0,10.0
33079877,100.0,10.0,6.0,10.0,10.0,10.0,10.0
33083892,100.0,10.0,10.0,10.0,8.0,8.0,10.0
33137304,100.0,10.0,10.0,10.0,10.0,10.0,9.0
33141021,93.0,10.0,10.0,10.0,10.0,10.0,9.0
33166972,98.0,10.0,10.0,10.0,9.0,10.0,9.0
33172422,67.0,5.0,3.0,10.0,8.0,7.0,5.0
33172768,93.0,10.0,10.0,9.0,9.0,9.0,9.0
33193799,100.0,10.0,10.0,10.0,10.0,10.0,10.0
33198942,96.0,10.0,10.0,10.0,10.0,10.0,10.0
33224754,100.0,10.0,9.0,10.0,10.0,10.0,9.0
33271309,100.0,10.0,10.0,10.0,10.0,10.0,9.0
33316756,100.0,10.0,10.0,10.0,10.0,10.0,10.0
33421281,94.0,10.0,10.0,9.0,10.0,10.0,9.0
33421484,95.0,10.0,10.0,9.0,10.0,10.0,9.0
33451367,100.0,10.0,10.0,10.0,10.0,10.0,9.0
33489844,100.0,10.0,10.0,10.0,10.0,10.0,10.0
33489920,100.0,10.0,10.0,9.0,10.0,10.0,10.0
33493552,96.0,10.0,9.0,10.0,10.0,10.0,10.0
33528893,99.0,10.0,10.0,10.0,10.0,10.0,10.0
33532937,80.0,8.0,6.0,8.0,10.0,8.0,8.0
33534825,96.0,10.0,10.0,9.0,10.0,10.0,9.0
33537658,97.0,10.0,10.0,10.0,10.0,10.0,10.0
33551880,100.0,10.0,10.0,10.0,10.0,10.0,10.0
33561856,100.0,10.0,10.0,10.0,10.0,10.0,10.0
33563347,91.0,9.0,10.0,9.0,9.0,10.0,9.0
33608274,99.0,10.0,10.0,10.0,10.0,10.0,10.0
33644460,97.0,10.0,10.0,10.0,10.0,10.0,10.0
33687369,100.0,10.0,10.0,10.0,10.0,10.0,10.0
33692799,100.0,10.0,10.0,10.0,10.0,10.0,10.0
33713266,92.0,10.0,10.0,9.0,9.0,8.0,9.0
33781225,89.0,10.0,10.0,9.0,10.0,10.0,9.0
33783996,100.0,10.0,10.0,10.0,10.0,10.0,10.0
33863188,94.0,9.0,9.0,9.0,10.0,10.0,9.0
33969322,84.0,8.0,9.0,9.0,9.0,9.0,8.0
33992162,88.0,10.0,9.0,10.0,10.0,10.0,9.0
33999573,98.0,10.0,10.0,10.0,10.0,10.0,10.0
34018349,99.0,10.0,10.0,10.0,10.0,10.0,9.0
34063116,100.0,10.0,10.0,10.0,10.0,10.0,10.0
34065657,93.0,10.0,9.0,10.0,10.0,10.0,9.0
34097339,97.0,10.0,10.0,10.0,10.0,10.0,9.0
34127900,100.0,10.0,10.0,10.0,10.0,10.0,10.0
34129571,95.0,10.0,10.0,10.0,10.0,10.0,10.0
34144769,100.0,10.0,10.0,10.0,10.0,10.0,10.0
34171989,100.0,10.0,10.0,8.0,10.0,10.0,10.0
34180111,100.0,10.0,10.0,10.0,10.0,10.0,10.0
34205792,100.0,10.0,10.0,10.0,10.0,9.0,9.0
34208181,84.0,9.0,8.0,10.0,9.0,9.0,9.0
34227689,100.0,10.0,10.0,10.0,10.0,10.0,10.0
34228117,99.0,10.0,10.0,10.0,10.0,9.0,10.0
34289989,80.0,10.0,10.0,10.0,10.0,6.0,6.0
34412659,100.0,10.0,10.0,10.0,10.0,10.0,9.0
34416403,93.0,9.0,9.0,9.0,9.0,9.0,9.0
34423592,91.0,10.0,9.0,9.0,10.0,10.0,9.0
34470646,96.0,10.0,10.0,10.0,10.0,10.0,9.0
34517652,99.0,10.0,10.0,10.0,10.0,10.0,9.0
34533200,80.0,8.0,8.0,10.0,6.0,10.0,6.0
34543798,87.0,9.0,8.0,10.0,9.0,9.0,9.0
34571307,87.0,10.0,10.0,8.0,10.0,9.0,9.0
34601638,100.0,10.0,10.0,10.0,10.0,10.0,10.0
34602830,92.0,10.0,10.0,10.0,10.0,10.0,9.0
34606745,97.0,10.0,10.0,10.0,10.0,9.0,9.0
34607614,97.0,10.0,9.0,10.0,10.0,9.0,9.0
34626588,100.0,10.0,10.0,10.0,10.0,10.0,10.0
34642889,90.0,9.0,10.0,9.0,8.0,10.0,9.0
34680755,100.0,10.0,10.0,10.0,10.0,10.0,6.0
34680772,80.0,10.0,8.0,10.0,8.0,10.0,8.0
34684071,99.0,10.0,10.0,10.0,10.0,10.0,10.0
34781352,100.0,10.0,10.0,10.0,10.0,10.0,10.0
34785290,95.0,10.0,10.0,10.0,10.0,10.0,10.0
34789865,100.0,10.0,10.0,10.0,10.0,10.0,10.0
34868915,93.0,10.0,10.0,10.0,10.0,10.0,10.0
34923683,100.0,10.0,10.0,10.0,10.0,10.0,10.0
34923698,100.0,10.0,10.0,10.0,10.0,10.0,10.0
34931081,100.0,10.0,10.0,10.0,10.0,10.0,10.0
34932707,100.0,10.0,10.0,10.0,10.0,10.0,10.0
34978114,100.0,10.0,10.0,10.0,10.0,10.0,10.0
35085928,100.0,10.0,9.0,10.0,10.0,10.0,10.0
35086181,92.0,10.0,9.0,10.0,10.0,10.0,10.0
35092431,100.0,10.0,10.0,10.0,10.0,10.0,10.0
35093206,91.0,10.0,9.0,10.0,10.0,10.0,9.0
35125616,95.0,10.0,9.0,10.0,10.0,10.0,9.0
35132748,100.0,10.0,10.0,10.0,10.0,10.0,10.0
35156644,100.0,10.0,10.0,10.0,10.0,10.0,9.0
35160958,70.0,7.0,5.0,6.0,6.0,8.0,5.0
35194508,100.0,10.0,10.0,10.0,10.0,10.0,10.0
35263886,100.0,10.0,10.0,10.0,10.0,10.0,10.0
35291911,98.0,10.0,10.0,10.0,10.0,10.0,9.0
35294298,100.0,10.0,10.0,10.0,10.0,10.0,10.0
35314471,100.0,10.0,10.0,10.0,10.0,10.0,10.0
35342756,100.0,10.0,10.0,10.0,10.0,10.0,10.0
35343196,98.0,10.0,10.0,10.0,10.0,10.0,9.0
35346074,100.0,10.0,10.0,10.0,10.0,10.0,9.0
35347062,100.0,10.0,6.0,10.0,10.0,10.0,10.0
35352885,80.0,8.0,6.0,10.0,10.0,10.0,10.0
35389043,100.0,10.0,10.0,10.0,10.0,9.0,10.0
35466895,100.0,10.0,10.0,10.0,10.0,10.0,10.0
35494162,94.0,10.0,9.0,10.0,10.0,9.0,9.0
35494221,89.0,9.0,9.0,10.0,10.0,10.0,9.0
35494267,92.0,10.0,9.0,10.0,10.0,10.0,9.0
35494371,90.0,10.0,9.0,10.0,10.0,10.0,9.0
35494419,88.0,9.0,9.0,10.0,10.0,9.0,9.0
35512958,97.0,10.0,10.0,10.0,10.0,10.0,10.0
35516989,98.0,10.0,10.0,10.0,10.0,10.0,9.0
35573019,60.0,6.0,6.0,8.0,9.0,7.0,6.0
35643330,95.0,10.0,10.0,10.0,10.0,10.0,10.0
35643928,90.0,9.0,10.0,8.0,9.0,10.0,8.0
35646279,100.0,10.0,10.0,10.0,10.0,9.0,10.0
35691437,93.0,10.0,10.0,10.0,10.0,9.0,10.0
35710065,98.0,10.0,10.0,10.0,10.0,10.0,10.0
35713376,100.0,10.0,10.0,10.0,10.0,10.0,10.0
35734767,100.0,10.0,10.0,10.0,10.0,10.0,10.0
35770427,97.0,10.0,10.0,10.0,10.0,10.0,10.0
35773104,98.0,10.0,10.0,10.0,10.0,10.0,10.0
35806612,100.0,10.0,9.0,10.0,10.0,10.0,10.0
35831888,93.0,10.0,9.0,10.0,10.0,10.0,10.0
35835707,100.0,10.0,10.0,10.0,10.0,10.0,10.0
35840351,95.0,10.0,10.0,10.0,10.0,10.0,9.0
35845746,100.0,10.0,10.0,10.0,10.0,10.0,10.0
35848747,99.0,10.0,10.0,10.0,10.0,10.0,10.0
35874111,97.0,10.0,10.0,10.0,10.0,10.0,10.0
35878510,100.0,10.0,10.0,10.0,10.0,10.0,10.0
35917405,93.0,10.0,10.0,10.0,10.0,9.0,9.0
35938695,100.0,10.0,10.0,10.0,10.0,10.0,10.0
35939097,20.0,8.0,6.0,10.0,4.0,10.0,2.0
35952064,100.0,10.0,10.0,10.0,10.0,10.0,10.0
36005275,83.0,9.0,9.0,10.0,9.0,9.0,9.0
36007807,96.0,10.0,10.0,10.0,10.0,10.0,10.0
36029332,99.0,10.0,10.0,10.0,10.0,10.0,10.0
36041860,100.0,10.0,10.0,10.0,10.0,10.0,9.0
36054521,96.0,10.0,9.0,10.0,10.0,10.0,9.0
36079270,98.0,10.0,10.0,10.0,10.0,9.0,10.0
36116529,100.0,10.0,10.0,10.0,10.0,10.0,10.0
36139589,93.0,9.0,9.0,9.0,9.0,9.0,10.0
36145208,99.0,10.0,10.0,10.0,10.0,10.0,10.0
36145715,100.0,10.0,10.0,10.0,9.0,10.0,10.0
36177146,100.0,10.0,10.0,10.0,10.0,10.0,10.0
36177982,100.0,10.0,10.0,10.0,10.0,10.0,10.0
36185102,57.0,6.0,7.0,7.0,6.0,7.0,6.0
36185208,85.0,9.0,9.0,10.0,9.0,10.0,9.0
36201151,100.0,10.0,10.0,10.0,10.0,10.0,10.0
36201584,100.0,10.0,10.0,10.0,8.0,10.0,10.0
36315852,97.0,10.0,10.0,10.0,10.0,10.0,10.0
36318212,99.0,10.0,10.0,10.0,10.0,10.0,10.0
36354600,100.0,10.0,8.0,10.0,9.0,10.0,10.0
36393250,85.0,10.0,8.0,9.0,10.0,8.0,9.0
36407360,100.0,10.0,10.0,9.0,9.0,10.0,10.0
36420256,100.0,10.0,10.0,10.0,10.0,10.0,10.0
36420593,100.0,10.0,10.0,10.0,10.0,10.0,10.0
36448103,97.0,9.0,10.0,10.0,10.0,10.0,9.0
36520545,92.0,9.0,8.0,10.0,10.0,10.0,8.0
36524556,100.0,10.0,8.0,10.0,10.0,8.0,8.0
36560687,100.0,10.0,10.0,10.0,10.0,9.0,10.0
36638474,100.0,10.0,10.0,10.0,10.0,10.0,10.0
36668286,100.0,9.0,10.0,10.0,10.0,10.0,10.0
36670177,100.0,10.0,10.0,10.0,10.0,10.0,10.0
36679939,99.0,10.0,10.0,10.0,10.0,10.0,10.0
36810369,100.0,10.0,10.0,10.0,10.0,10.0,9.0
36811369,100.0,10.0,10.0,10.0,10.0,10.0,10.0
36904149,96.0,10.0,10.0,10.0,10.0,10.0,10.0
36915017,100.0,10.0,10.0,10.0,10.0,10.0,9.0
36928742,89.0,9.0,9.0,10.0,10.0,9.0,9.0
36974309,80.0,10.0,8.0,10.0,10.0,10.0,8.0
36974763,80.0,6.0,9.0,7.0,9.0,10.0,9.0
37049589,100.0,10.0,10.0,10.0,10.0,10.0,10.0
37093943,100.0,10.0,10.0,10.0,10.0,10.0,10.0
37119006,100.0,10.0,10.0,10.0,10.0,10.0,10.0
37180404,99.0,10.0,10.0,10.0,10.0,10.0,10.0
37295635,100.0,10.0,10.0,10.0,10.0,10.0,10.0
37330492,100.0,10.0,10.0,10.0,10.0,10.0,10.0
37395863,100.0,10.0,10.0,10.0,10.0,10.0,10.0
37526662,80.0,10.0,8.0,10.0,10.0,10.0,6.0
37529706,100.0,9.0,10.0,10.0,9.0,10.0,9.0
37530012,100.0,10.0,10.0,10.0,10.0,10.0,10.0
37530698,98.0,10.0,10.0,10.0,10.0,10.0,10.0
37571304,100.0,10.0,9.0,10.0,10.0,10.0,10.0
37604966,100.0,10.0,10.0,10.0,10.0,10.0,10.0
37643165,100.0,9.0,10.0,10.0,10.0,10.0,10.0
37684875,94.0,10.0,10.0,10.0,10.0,10.0,9.0
37719997,100.0,10.0,9.0,10.0,10.0,10.0,10.0
37747959,100.0,10.0,10.0,9.0,10.0,10.0,9.0
37783256,100.0,10.0,10.0,10.0,10.0,10.0,10.0
37785001,80.0,10.0,10.0,10.0,10.0,10.0,10.0
37814244,100.0,10.0,10.0,10.0,10.0,10.0,10.0
37831419,92.0,9.0,10.0,10.0,10.0,10.0,8.0
37863231,100.0,10.0,10.0,10.0,10.0,10.0,10.0
37864340,98.0,10.0,10.0,10.0,10.0,10.0,10.0
37883662,100.0,10.0,10.0,10.0,10.0,10.0,10.0
37887010,93.0,10.0,9.0,10.0,10.0,10.0,9.0
37913196,99.0,10.0,10.0,10.0,10.0,9.0,10.0
37933847,100.0,9.0,10.0,10.0,10.0,10.0,10.0
37938371,97.0,10.0,10.0,10.0,10.0,10.0,9.0
37946020,100.0,10.0,10.0,10.0,10.0,10.0,10.0
38025800,100.0,10.0,10.0,10.0,10.0,10.0,10.0
38026321,100.0,10.0,10.0,9.0,10.0,10.0,10.0
38040608,100.0,10.0,10.0,10.0,10.0,10.0,10.0
38040617,100.0,10.0,10.0,10.0,10.0,10.0,10.0
38040744,100.0,10.0,10.0,10.0,10.0,10.0,10.0
38040767,80.0,10.0,10.0,8.0,10.0,10.0,10.0
38061693,97.0,10.0,10.0,10.0,10.0,10.0,10.0
38129977,100.0,10.0,10.0,10.0,10.0,10.0,9.0
38158914,97.0,10.0,10.0,10.0,10.0,10.0,10.0
38167638,100.0,10.0,10.0,10.0,10.0,10.0,10.0
38213383,100.0,10.0,10.0,10.0,10.0,10.0,10.0
38321666,100.0,10.0,10.0,10.0,10.0,10.0,8.0
38324195,100.0,10.0,10.0,10.0,10.0,10.0,10.0
38328840,100.0,10.0,10.0,10.0,10.0,10.0,10.0
38346769,100.0,10.0,10.0,10.0,10.0,10.0,10.0
38384398,96.0,10.0,10.0,10.0,10.0,10.0,10.0
38505485,60.0,10.0,6.0,10.0,8.0,8.0,8.0
38555409,100.0,10.0,10.0,10.0,10.0,10.0,10.0
38574990,96.0,10.0,10.0,10.0,10.0,10.0,10.0
38584753,99.0,10.0,10.0,10.0,10.0,10.0,9.0
38586329,100.0,10.0,10.0,10.0,10.0,10.0,10.0
38586865,96.0,10.0,10.0,10.0,10.0,10.0,10.0
38604508,100.0,10.0,10.0,10.0,10.0,10.0,10.0
38620015,100.0,10.0,10.0,10.0,10.0,10.0,10.0
38628412,100.0,10.0,10.0,10.0,10.0,10.0,10.0
38637498,94.0,10.0,10.0,10.0,10.0,9.0,10.0
38642777,100.0,10.0,10.0,10.0,10.0,10.0,10.0
38672882,96.0,10.0,10.0,10.0,10.0,10.0,10.0
38699317,100.0,10.0,10.0,10.0,10.0,10.0,10.0
38729156,100.0,10.0,10.0,10.0,10.0,10.0,10.0
38731565,100.0,10.0,10.0,10.0,10.0,10.0,10.0
38782076,95.0,10.0,10.0,10.0,10.0,10.0,9.0
38794038,99.0,10.0,10.0,10.0,10.0,10.0,10.0
38798041,99.0,10.0,10.0,10.0,10.0,10.0,9.0
38827458,100.0,10.0,9.0,10.0,10.0,10.0,10.0
38850031,97.0,10.0,10.0,10.0,10.0,10.0,10.0
38957437,100.0,10.0,10.0,10.0,10.0,10.0,9.0
38957587,100.0,10.0,10.0,10.0,10.0,10.0,6.0
39005339,100.0,10.0,10.0,10.0,10.0,10.0,10.0
39059847,99.0,10.0,10.0,10.0,10.0,10.0,10.0
39089784,100.0,10.0,10.0,10.0,10.0,10.0,10.0
39150663,100.0,10.0,10.0,10.0,10.0,10.0,10.0
39172947,100.0,10.0,10.0,10.0,10.0,10.0,10.0
39194420,100.0,10.0,10.0,10.0,10.0,10.0,10.0
39298655,95.0,10.0,10.0,10.0,10.0,9.0,9.0
39335839,97.0,10.0,10.0,10.0,10.0,9.0,9.0
39350028,100.0,10.0,10.0,10.0,10.0,10.0,8.0
39370236,96.0,9.0,9.0,10.0,10.0,10.0,10.0
39390570,100.0,10.0,10.0,10.0,10.0,10.0,8.0
39410017,100.0,9.0,10.0,9.0,9.0,10.0,10.0
39412236,100.0,10.0,10.0,10.0,10.0,10.0,10.0
39420577,100.0,10.0,10.0,10.0,10.0,10.0,10.0
39422632,100.0,10.0,10.0,10.0,10.0,10.0,10.0
39424458,100.0,10.0,10.0,10.0,10.0,9.0,10.0
39424579,97.0,10.0,10.0,10.0,10.0,10.0,10.0
39512393,98.0,10.0,10.0,10.0,10.0,9.0,9.0
39533902,100.0,10.0,10.0,10.0,10.0,10.0,10.0
39557937,100.0,10.0,10.0,10.0,10.0,10.0,10.0
39564822,97.0,10.0,10.0,10.0,10.0,10.0,9.0
39564992,98.0,10.0,10.0,10.0,10.0,10.0,10.0
39590881,100.0,10.0,10.0,10.0,10.0,9.0,9.0
39630426,100.0,10.0,10.0,10.0,10.0,10.0,10.0
39702316,97.0,10.0,10.0,10.0,10.0,10.0,10.0
39704725,94.0,10.0,10.0,10.0,10.0,9.0,10.0
39721489,91.0,10.0,10.0,9.0,9.0,9.0,9.0
39724134,94.0,10.0,10.0,10.0,10.0,10.0,10.0
39724442,100.0,10.0,10.0,10.0,10.0,10.0,10.0
39772640,100.0,10.0,10.0,10.0,10.0,10.0,10.0
39783000,100.0,10.0,10.0,10.0,10.0,10.0,10.0
39795370,100.0,10.0,9.0,9.0,10.0,8.0,9.0
39799508,100.0,10.0,10.0,8.0,10.0,10.0,10.0
39842754,100.0,10.0,10.0,10.0,10.0,10.0,10.0
39875261,100.0,10.0,10.0,10.0,10.0,10.0,10.0
39896181,100.0,8.0,8.0,10.0,10.0,10.0,10.0
39955614,100.0,10.0,9.0,10.0,10.0,10.0,10.0
39972004,87.0,9.0,10.0,10.0,10.0,7.0,9.0
39972120,89.0,10.0,9.0,10.0,9.0,7.0,9.0
39987814,97.0,10.0,9.0,10.0,10.0,10.0,10.0
39988112,100.0,10.0,10.0,10.0,10.0,10.0,10.0
39996718,97.0,10.0,10.0,10.0,10.0,10.0,10.0
39996724,99.0,10.0,10.0,10.0,10.0,9.0,10.0
40015534,100.0,10.0,10.0,10.0,10.0,9.0,10.0
40042488,100.0,10.0,9.0,10.0,10.0,10.0,9.0
40064890,100.0,10.0,10.0,10.0,10.0,10.0,10.0
40067364,98.0,10.0,10.0,10.0,10.0,10.0,10.0
40067689,100.0,10.0,10.0,10.0,10.0,10.0,10.0
40086927,100.0,10.0,10.0,10.0,10.0,10.0,10.0
40112429,100.0,10.0,10.0,10.0,10.0,10.0,9.0
40112442,99.0,10.0,10.0,10.0,10.0,10.0,10.0
40112466,98.0,10.0,10.0,10.0,10.0,10.0,10.0
40123191,100.0,10.0,10.0,10.0,10.0,10.0,10.0
40169734,100.0,10.0,10.0,10.0,10.0,10.0,10.0
40175137,100.0,10.0,10.0,10.0,10.0,8.0,8.0
40179404,100.0,10.0,10.0,10.0,10.0,10.0,10.0
40265991,87.0,10.0,9.0,10.0,10.0,10.0,10.0
40274251,100.0,10.0,10.0,10.0,10.0,8.0,8.0
40306940,100.0,10.0,10.0,10.0,10.0,10.0,10.0
40312722,100.0,10.0,10.0,10.0,10.0,10.0,10.0
40374661,100.0,10.0,10.0,10.0,10.0,10.0,10.0
40394898,100.0,10.0,6.0,6.0,10.0,10.0,10.0
40411279,100.0,10.0,10.0,10.0,10.0,10.0,10.0
40464215,60.0,6.0,4.0,5.0,9.0,9.0,6.0
40619776,100.0,10.0,10.0,10.0,10.0,10.0,10.0
40674624,95.0,10.0,10.0,10.0,10.0,10.0,9.0
40693560,100.0,10.0,10.0,10.0,10.0,10.0,10.0
40736839,90.0,8.0,7.0,9.0,8.0,10.0,9.0
40737800,100.0,10.0,8.0,8.0,10.0,10.0,10.0
40763935,100.0,10.0,10.0,10.0,10.0,10.0,10.0
40933874,93.0,10.0,10.0,10.0,10.0,9.0,9.0
41129584,100.0,10.0,10.0,10.0,10.0,10.0,8.0
41129756,100.0,10.0,10.0,10.0,10.0,10.0,10.0
41129777,100.0,10.0,10.0,10.0,10.0,10.0,10.0
41209658,80.0,6.0,8.0,6.0,2.0,6.0,2.0
41382843,100.0,10.0,10.0,10.0,10.0,10.0,10.0
41393913,96.0,10.0,10.0,10.0,10.0,9.0,10.0
41422315,67.0,7.0,6.0,7.0,6.0,7.0,6.0
41458064,98.0,10.0,10.0,9.0,10.0,10.0,10.0
41507976,98.0,10.0,9.0,10.0,10.0,10.0,10.0
41528039,100.0,10.0,10.0,10.0,10.0,10.0,10.0
41538628,100.0,10.0,10.0,10.0,10.0,10.0,8.0
41890513,100.0,9.0,10.0,9.0,10.0,9.0,10.0
41976381,100.0,10.0,10.0,10.0,10.0,10.0,10.0
41997041,100.0,10.0,10.0,10.0,10.0,10.0,10.0
42016488,100.0,10.0,10.0,10.0,10.0,10.0,10.0
42019596,99.0,10.0,10.0,10.0,10.0,9.0,9.0
42021656,100.0,10.0,10.0,10.0,10.0,10.0,10.0
42042778,100.0,10.0,10.0,9.0,10.0,10.0,9.0
42102197,100.0,10.0,10.0,9.0,10.0,10.0,10.0
42126628,92.0,9.0,9.0,10.0,10.0,9.0,9.0
42127140,96.0,10.0,10.0,10.0,10.0,10.0,10.0
42136964,100.0,10.0,10.0,10.0,10.0,10.0,10.0
42275273,100.0,10.0,10.0,10.0,10.0,10.0,9.0
42296655,80.0,8.0,10.0,10.0,10.0,10.0,10.0
42363397,100.0,10.0,10.0,10.0,10.0,6.0,10.0
42484387,100.0,10.0,10.0,10.0,10.0,10.0,10.0
42493313,100.0,10.0,10.0,10.0,10.0,10.0,10.0
42513201,100.0,10.0,10.0,10.0,10.0,9.0,10.0
42520481,100.0,10.0,10.0,10.0,10.0,10.0,10.0
42593543,100.0,10.0,10.0,10.0,10.0,10.0,8.0
42629673,100.0,10.0,10.0,10.0,10.0,10.0,10.0
42704266,100.0,10.0,10.0,10.0,10.0,10.0,10.0
42867251,100.0,9.0,10.0,10.0,10.0,10.0,10.0
43155536,100.0,10.0,10.0,10.0,10.0,10.0,10.0
43198515,100.0,10.0,10.0,10.0,10.0,10.0,10.0
43206473,100.0,10.0,8.0,10.0,10.0,10.0,10.0
43335731,100.0,10.0,10.0,10.0,10.0,10.0,10.0
43348816,90.0,10.0,9.0,10.0,10.0,10.0,10.0
43488825,100.0,10.0,10.0,10.0,10.0,10.0,10.0
